date,r_sim_MCM,r_obs_MCM
2003-01-01,9.54974882857143,10.227
2003-01-02,8.700218514285714,11.425
2003-01-03,8.50483314285714,8.563
2003-01-04,8.54561177142857,11.303
2003-01-05,7.84049354285714,11.23
2003-01-06,7.090636171428571,11.156
2003-01-07,5.773431028571427,11.181
2003-01-08,5.431841228571429,11.205
2003-01-09,5.129404485714285,11.132
2003-01-10,4.729370657142856,11.23
2003-01-11,4.242146714285711,11.377
2003-01-12,3.873397257142855,8.93
2003-01-13,3.8469990857142857,6.581
2003-01-14,3.3462130085714272,6.581
2003-01-15,3.255938579999998,4.893
2003-01-16,3.083495122857142,4.869
2003-01-17,2.935196322857142,4.869
2003-01-18,2.9119951514285702,3.915
2003-01-19,2.980097665714285,3.181
2003-01-20,3.2317081514285695,2.471
2003-01-21,3.538363784285714,2.447
2003-01-22,4.322027261428575,2.471
2003-01-23,4.87090044714286,2.471
2003-01-24,5.460097961428569,2.471
2003-01-25,8.415246261428567,2.471
2003-01-26,10.765187175714289,6.19
2003-01-27,12.81325211857143,6.141
2003-01-28,7.803390755714288,8.245
2003-01-29,7.044447927142857,10.985
2003-01-30,6.9025121985714275,11.034
2003-01-31,10.588504012857143,3.89
2003-02-01,10.593757141428584,0.122
2003-02-02,9.940618155714292,0.856
2003-02-03,8.213612341428586,5.652
2003-02-04,10.78544708571429,10.129
2003-02-05,9.83956365714286,10.129
2003-02-06,8.968691885714284,10.178
2003-02-07,8.086190400000001,10.227
2003-02-08,7.236155200000005,10.276
2003-02-09,6.572970742857145,8.196
2003-02-10,6.363151314285716,3.523
2003-02-11,1.4376874685714296,6.092
2003-02-12,1.4252998685714289,5.04
2003-02-13,1.4779006685714282,3.988
2003-02-14,1.5485062685714277,2.691
2003-02-15,1.6974550685714291,2.055
2003-02-16,2.000783868571428,0.979
2003-02-17,2.38699426857143,0.758
2003-02-18,0.6131635785714268,0.122
2003-02-19,1.2914922928571448,0.122
2003-02-20,1.670184650000002,0.122
2003-02-21,2.2500462928571454,0.122
2003-02-22,2.99131393571428,0.122
2003-02-23,3.4404743642857136,0.122
2003-02-24,3.396711221428567,0.122
2003-02-25,0.8407975414285715,0.122
2003-02-26,1.0387803557142825,0.122
2003-02-27,1.2595744985714288,0.122
2003-02-28,1.5990607414285674,0.318
2003-03-01,2.734869727142861,0.514
2003-03-02,5.835990555714285,0.563
2003-03-03,9.296725269999992,0.563
2003-03-04,3.813707771428572,0.734
2003-03-05,4.566369028571428,0.71
2003-03-06,5.140279485714286,1.125
2003-03-07,6.032533828571429,0.122
2003-03-08,7.197559142857143,0.122
2003-03-09,7.695403657142854,0.122
2003-03-10,7.66228622857143,0.122
2003-03-11,19.99254700857145,6.288
2003-03-12,18.36624340857144,14.312
2003-03-13,16.629544608571432,19.744
2003-03-14,14.006519208571431,22.631
2003-03-15,12.180440808571436,17.542
2003-03-16,11.651252808571444,14.802
2003-03-17,13.775474208571438,13.285
2003-03-18,9.615390037142856,10.716
2003-03-19,9.89096203714286,7.511
2003-03-20,10.374555108571425,7.242
2003-03-21,11.41099213714286,7.266
2003-03-22,12.409403808571422,8.025
2003-03-23,14.32793965142857,7.193
2003-03-24,12.860160865714294,11.377
2003-03-25,10.78008020714284,12.649
2003-03-26,8.584542207142865,15.976
2003-03-27,8.677446278571422,13.089
2003-03-28,5.598413849999978,14.973
2003-03-29,3.404687349999985,14.949
2003-03-30,2.52438087857143,12.453
2003-03-31,2.5151957357142862,8.245
2003-04-01,5.2676831271428695,7.291
2003-04-02,5.036153398571433,7.217
2003-04-03,4.73791621285715,7.217
2003-04-04,4.865934370000007,4.306
2003-04-05,4.9486551557142935,3.915
2003-04-06,5.011115984285717,4.269
2003-04-07,5.094986898571441,2.593
2003-04-08,4.515899527142859,2.789
2003-04-09,4.576903541428574,2.447
2003-04-10,4.6549801700000035,2.569
2003-04-11,4.710080569999998,2.569
2003-04-12,4.751778170000007,1.982
2003-04-13,4.832726827142859,1.982
2003-04-14,5.012760470000002,4.575
2003-04-15,6.76148778571428,5.48
2003-04-16,6.506312928571447,7.12
2003-04-17,5.939177142857131,7.144
2003-04-18,5.725323214285709,7.144
2003-04-19,5.296890428571406,7.144
2003-04-20,4.762134785714271,7.144
2003-04-21,4.771317214285708,7.168
2003-04-22,4.375974757142855,4.6
2003-04-23,4.358389714285712,4.6
2003-04-24,4.34062957142857,4.6
2003-04-25,4.315165028571427,3.083
2003-04-26,4.321793814285711,2.716
2003-04-27,4.341204899999999,2.716
2003-04-28,4.407317657142856,2.814
2003-04-29,4.197865300000001,2.544
2003-04-30,4.198269728571429,2.716
2003-05-01,4.198528442857143,2.716
2003-05-02,4.198726442857143,2.716
2003-05-03,4.1988313,2.52
2003-05-04,4.1989403,2.52
2003-05-05,4.199038728571429,2.52
2003-05-06,4.097441154285714,2.52
2003-05-07,4.1675336342857054,2.52
2003-05-08,4.238452662857144,2.52
2003-05-09,4.28983013428571,2.52
2003-05-10,4.400738177142849,2.52
2003-05-11,4.470492477142857,2.324
2003-05-12,4.5353290342857155,2.496
2003-05-13,4.64431056,2.496
2003-05-14,4.643098217142857,2.496
2003-05-15,4.642553302857142,2.496
2003-05-16,4.641543931428571,9.224
2003-05-17,4.628211817142857,9.444
2003-05-18,4.614045874285714,9.444
2003-05-19,4.600002445714286,11.01
2003-05-20,3.3841771,5.064
2003-05-21,3.379183257142857,4.918
2003-05-22,3.375024014285714,4.697
2003-05-23,3.370753185714286,5.26
2003-05-24,3.365741,4.942
2003-05-25,3.3608373428571428,3.694
2003-05-26,3.3579942000000003,2.765
2003-05-27,2.8340390371428574,4.967
2003-05-28,2.7755762657142853,7.364
2003-05-29,2.6703918371428577,8.539
2003-05-30,2.663177208571429,9.958
2003-05-31,2.3998779514285715,8.098
2003-06-01,2.284669351428572,7.878
2003-06-02,2.1707267800000003,9.052
2003-06-03,2.6680910214285705,11.303
2003-06-04,2.5766668785714275,11.841
2003-06-05,2.4807356642857137,11.523
2003-06-06,2.3858323785714277,10.74
2003-06-07,2.2984145214285703,10.814
2003-06-08,2.209872092857142,10.863
2003-06-09,2.120846449999999,9.639
2003-06-10,1.6235828685714286,5.896
2003-06-11,1.6037753257142855,3.645
2003-06-12,1.5926986399999998,2.398
2003-06-13,1.5862004685714284,2.398
2003-06-14,1.580071897142857,2.814
2003-06-15,1.572182068571428,2.422
2003-06-16,1.565683897142857,2.422
2003-06-17,1.8028096285714288,2.422
2003-06-18,1.8009247428571429,2.422
2003-06-19,1.7989278,2.422
2003-06-20,1.7970556,2.226
2003-06-21,1.7953060285714284,2.177
2003-06-22,1.7935892285714286,2.177
2003-06-23,1.7918079428571427,2.202
2003-06-24,1.865567,2.226
2003-06-25,1.865277857142857,2.251
2003-06-26,1.8649991428571424,2.251
2003-06-27,1.864703,2.251
2003-06-28,1.8644292857142857,2.251
2003-06-29,1.8641301428571424,2.251
2003-06-30,1.863832714285714,2.251
2003-07-01,1.6060098714285715,1.835
2003-07-02,1.6058077285714287,1.615
2003-07-03,1.6056330142857145,1.615
2003-07-04,1.6054493,1.615
2003-07-05,1.6052403,1.615
2003-07-06,1.6050287285714284,1.615
2003-07-07,1.6050068714285717,1.541
2003-07-08,1.6107732,1.346
2003-07-09,1.6106256285714284,1.346
2003-07-10,1.610525057142857,1.419
2003-07-11,1.6104163428571427,1.419
2003-07-12,1.6102724857142856,1.419
2003-07-13,1.6098996285714284,1.395
2003-07-14,1.609910057142857,1.419
2003-07-15,1.456220757142857,1.419
2003-07-16,1.456351614285714,1.199
2003-07-17,1.4565998999999998,1.419
2003-07-18,1.456705757142857,1.443
2003-07-19,1.4568154714285713,1.395
2003-07-20,1.4594314714285712,1.419
2003-07-21,1.460724757142857,1.419
2003-07-22,1.4995495714285716,1.615
2003-07-23,1.500627142857143,1.639
2003-07-24,1.5016675714285714,1.639
2003-07-25,1.5025314285714286,1.664
2003-07-26,1.503346,1.639
2003-07-27,1.5040898571428571,1.664
2003-07-28,1.5048265714285716,1.664
2003-07-29,1.8454471857142856,1.664
2003-07-30,1.846235614285714,1.664
2003-07-31,1.8468913285714288,1.664
2003-08-01,1.8474201857142856,1.664
2003-08-02,1.8488041857142856,1.443
2003-08-03,1.854161328571429,1.443
2003-08-04,1.8570854714285716,1.443
2003-08-05,1.4611129571428572,1.468
2003-08-06,1.4678964285714289,1.468
2003-08-07,1.4735665142857144,1.468
2003-08-08,1.4782002857142855,1.468
2003-08-09,1.4898926142857143,1.248
2003-08-10,1.5367911714285716,1.248
2003-08-11,1.5619721857142856,1.248
2003-08-12,1.5105463857142856,1.468
2003-08-13,1.5154631714285711,1.468
2003-08-14,1.5225946,1.492
2003-08-15,1.5270025285714286,1.492
2003-08-16,1.5362789571428572,1.468
2003-08-17,1.5473865285714286,1.492
2003-08-18,1.5551261714285716,1.468
2003-08-19,1.3303748585714286,0.122
2003-08-20,1.3337713442857144,0.122
2003-08-21,1.3375820728571426,2.006
2003-08-22,1.3378144157142855,1.957
2003-08-23,1.33818433,1.248
2003-08-24,1.3664231585714286,1.248
2003-08-25,1.3804951871428572,1.272
2003-08-26,1.92139388,1.272
2003-08-27,1.92040108,1.248
2003-08-28,1.9197795371428572,1.272
2003-08-29,1.91916738,1.272
2003-08-30,1.9182673942857145,1.248
2003-08-31,1.9170827085714288,1.272
2003-09-01,1.9161295371428573,1.272
2003-09-02,1.5087580742857143,1.272
2003-09-03,1.5006593885714286,1.297
2003-09-04,1.492389988571429,1.272
2003-09-05,1.4844961600000002,1.272
2003-09-06,1.476629645714286,1.272
2003-09-07,1.4687972742857145,1.272
2003-09-08,1.4607805314285716,1.248
2003-09-09,1.633960988571428,1.297
2003-09-10,1.6251433314285713,1.272
2003-09-11,1.61640616,1.297
2003-09-12,1.609546988571428,1.297
2003-09-13,1.6024463599999998,1.297
2003-09-14,1.5961863599999997,1.297
2003-09-15,1.6005415314285714,1.321
2003-09-16,1.5696444285714286,1.297
2003-09-17,1.569418571428571,1.297
2003-09-18,1.5682295,1.346
2003-09-19,1.5641906428571428,1.248
2003-09-20,1.5581522857142855,1.223
2003-09-21,1.5553954999999997,1.248
2003-09-22,1.5731651428571427,1.223
2003-09-23,2.2472215999999996,1.248
2003-09-24,2.2628142857142857,1.248
2003-09-25,2.2759466285714285,1.321
2003-09-26,2.2865791999999994,1.272
2003-09-27,2.3130541714285715,1.248
2003-09-28,2.416761828571428,1.272
2003-09-29,2.472508571428571,0.807
2003-09-30,2.502455885714286,0.807
2003-10-01,0.7088234571428578,0.807
2003-10-02,0.7013306000000011,0.807
2003-10-03,0.6971495857142865,0.807
2003-10-04,0.6926388857142862,0.807
2003-10-05,0.6896867000000009,0.807
2003-10-06,0.7043127571428585,0.807
2003-10-07,0.711296100000001,0.587
2003-10-08,1.3188954285714285,0.587
2003-10-09,1.3234849285714283,0.587
2003-10-10,1.3289551428571424,0.563
2003-10-11,1.3303545,0.122
2003-10-12,1.334317714285714,0.122
2003-10-13,1.3377133571428568,0.587
2003-10-14,1.3358540714285712,0.587
2003-10-15,0.8418758057142863,0.587
2003-10-16,0.8389704342857147,0.122
2003-10-17,0.8453673485714288,0.122
2003-10-18,0.8497254057142859,0.122
2003-10-19,0.8523631771428573,0.122
2003-10-20,0.8549372342857142,0.122
2003-10-21,0.8577534057142859,0.343
2003-10-22,1.7880354285714286,0.343
2003-10-23,1.788081142857143,0.343
2003-10-24,1.7881298571428572,0.343
2003-10-25,1.7881382857142858,0.343
2003-10-27,1.7881027142857142,0.343
2003-10-28,1.7880751428571429,0.563
2003-10-29,1.5435160142857145,0.538
2003-10-30,1.5435205857142855,0.563
2003-10-31,1.5434870142857142,0.563
2003-11-01,1.5434114428571426,0.563
2003-11-02,1.5433870142857142,0.318
2003-11-03,1.5434123,0.367
2003-11-04,1.5434055857142857,0.343
2003-11-05,2.4356138857142855,0.563
2003-11-06,2.435718742857143,0.563
2003-11-07,2.4357955999999996,0.587
2003-11-08,2.435809028571428,0.587
2003-11-09,2.435807742857143,0.343
2003-11-10,2.4358840285714285,0.343
2003-11-11,2.4363780285714287,0.343
2003-11-12,2.802133577142857,0.343
2003-11-13,2.834401462857143,0.318
2003-11-14,2.8615520914285715,0.343
2003-11-15,2.8830816914285715,0.122
2003-11-16,2.898851062857143,0.783
2003-11-17,2.930343405714286,0.343
2003-11-18,2.956115291428571,0.367
2003-11-19,2.8050202571428575,0.587
2003-11-20,2.8052071142857145,0.587
2003-11-21,2.8053982571428575,0.587
2003-11-22,2.805470257142858,0.587
2003-11-23,2.805535685714286,1.028
2003-11-24,3.1128205485714244,0.122
2003-11-25,4.102247448571428,0.587
2003-11-26,6.333723877142863,0.587
2003-11-27,7.066085348571432,0.587
2003-11-28,7.903759305714288,0.563
2003-11-29,8.513756677142863,0.587
2003-11-30,11.626695091428578,0.122
2003-12-01,11.69715364857143,3.621
2003-12-02,11.887187991428576,5.358
2003-12-03,12.250453262857146,8.025
2003-12-04,12.125693777142857,10.692
2003-12-05,11.300166977142856,10.814
2003-12-06,10.965860005714289,13.652
2003-12-07,10.959143034285717,13.407
2003-12-08,13.579532691428575,13.358
2003-12-09,14.442828691428575,13.456
2003-12-10,10.446061357142856,11.034
2003-12-11,10.299207357142858,11.107
2003-12-12,10.118821357142858,11.23
2003-12-13,10.251080857142856,11.425
2003-12-14,12.007117357142851,2.349
2003-12-15,11.23113435714286,4.037
2003-12-16,10.450555857142854,11.988
2003-12-17,16.43316426285714,19.499
2003-12-18,13.021927862857137,19.352
2003-12-19,9.411736662857152,19.548
2003-12-20,7.973283382857141,20.404
2003-12-21,6.906568282857143,20.796
2003-12-22,5.875905682857144,20.796
2003-12-23,5.38032488285714,12.208
2003-12-24,4.340437642857142,11.01
2003-12-25,4.285057642857143,9.101
2003-12-26,4.215442642857143,9.248
2003-12-27,4.148279071428571,7.951
2003-12-28,4.083441571428572,7.902
2003-12-29,4.069819428571429,5.529
2003-12-30,4.036168,5.48
2003-12-31,3.122860942857141,5.603
2004-01-01,2.9494050857142855,4.306
2004-01-02,2.9992782285714292,5.382
2004-01-03,3.170460457142858,4.942
2004-01-04,3.5517699714285698,4.869
2004-01-05,3.9814124285714274,3.181
2004-01-06,4.354580885714286,3.67
2004-01-07,4.398060914285714,2.153
2004-01-08,5.061188057142857,1.223
2004-01-09,5.752172885714283,1.272
2004-01-10,6.573752514285715,3.278
2004-01-11,6.894591828571428,7.56
2004-01-12,6.946690142857141,7.707
2004-01-13,7.014652742857144,7.78
2004-01-14,5.728342894285713,7.78
2004-01-15,5.896111808571427,7.756
2004-01-16,5.99024595142857,9.052
2004-01-17,5.717578579999999,11.328
2004-01-18,5.703211865714282,11.328
2004-01-19,5.801548808571427,11.401
2004-01-20,6.001953751428569,11.377
2004-01-21,7.534617718571432,9.713
2004-01-22,7.5809350471428605,9.958
2004-01-23,8.658562061428572,10.031
2004-01-24,12.097773532857143,9.566
2004-01-25,15.043418647142856,7.193
2004-01-26,15.189990304285717,10.667
2004-01-27,14.849930361428576,11.205
2004-01-28,11.02180752714286,11.23
2004-01-29,12.759797155714304,9.713
2004-01-30,16.773824127142866,0.563
2004-01-31,14.70966297000001,4.746
2004-02-01,12.032636812857149,13.065
2004-02-02,10.114608141428578,15.364
2004-02-03,8.368977598571437,16.368
2004-02-04,11.341638171428574,10.276
2004-02-05,10.475030628571432,12.208
2004-02-06,9.582159314285718,12.233
2004-02-07,8.668645257142856,13.945
2004-02-08,7.87830925714286,12.184
2004-02-09,7.0890393142857215,10.618
2004-02-10,6.340764114285714,10.594
2004-02-11,1.553044668571429,5.798
2004-02-12,1.7291494685714273,4.942
2004-02-13,2.0254474685714285,3.181
2004-02-14,2.327585868571429,1.517
2004-02-15,2.61302146857143,0.122
2004-02-16,2.8669114685714283,0.122
2004-02-17,3.1315150685714315,0.122
2004-02-18,2.7580281499999972,0.122
2004-02-19,3.4101225071428547,0.122
2004-02-20,3.462120649999999,2.422
2004-02-21,3.352595149999997,2.422
2004-02-22,3.613527007142864,2.104
2004-02-23,4.012101007142852,2.202
2004-02-24,4.442791507142853,1.395
2004-02-25,2.3051140557142844,1.321
2004-02-26,2.664239998571426,1.346
2004-02-27,3.0614254842857105,1.346
2004-02-28,3.825665984285714,1.346
2004-02-29,4.644678069999998,1.37
2004-03-01,5.357318612857138,1.321
2004-03-02,5.930895441428569,1.346
2004-03-03,6.421521984285716,1.346
2004-03-04,2.2323609714285704,1.37
2004-03-05,2.4729726285714286,1.321
2004-03-06,2.687506914285712,1.321
2004-03-07,2.8577179999999993,2.104
2004-03-08,2.8552185714285696,2.104
2004-03-09,2.9219949714285707,2.496
2004-03-10,2.9587782285714286,3.67
2004-03-11,5.525585208571442,3.572
2004-03-12,5.420633808571438,3.67
2004-03-13,5.2713724085714375,4.428
2004-03-14,5.094892008571435,4.502
2004-03-15,4.860049008571439,4.477
2004-03-16,4.729397808571434,3.67
2004-03-17,4.686986808571435,3.083
2004-03-18,2.6847542371428523,3.083
2004-03-19,2.700590680000001,3.45
2004-03-20,2.8104615942857185,1.859
2004-03-21,3.010251294285715,1.297
2004-03-22,3.4284407514285697,1.297
2004-03-23,3.749553708571426,1.297
2004-03-24,4.000521065714286,1.297
2004-03-25,1.669124378571429,1.297
2004-03-26,1.678871378571429,1.272
2004-03-27,1.7012723785714294,1.272
2004-03-28,1.7413108071428576,1.272
2004-03-29,1.740626807142858,0.881
2004-03-30,1.7363151642857153,2.031
2004-03-31,1.7460865928571434,2.447
2004-04-01,2.271142168571429,4.746
2004-04-02,2.2779142542857147,4.428
2004-04-03,2.27004834,4.575
2004-04-04,2.2520805971428564,3.817
2004-04-05,2.257678425714285,4.771
2004-04-06,2.2324077685714294,4.82
2004-04-07,2.212091511428571,4.82
2004-04-08,2.356956047142856,3.841
2004-04-09,2.3480965471428563,4.82
2004-04-10,2.3297229042857133,3.841
2004-04-11,2.3174592614285707,3.866
2004-04-12,2.3065223614285704,4.648
2004-04-13,2.287825761428571,7.56
2004-04-14,2.2420444042857133,7.046
2004-04-15,2.0063031285714277,5.26
2004-04-16,2.006074699999999,5.48
2004-04-17,1.986224257142857,2.691
2004-04-18,2.009820928571429,2.887
2004-04-19,2.020557071428572,5.309
2004-04-20,1.9728383428571408,4.502
2004-04-21,1.951777228571428,1.492
2004-04-22,2.3539699857142833,0.905
2004-04-23,2.402897928571427,1.468
2004-04-24,2.434816157142855,1.15
2004-04-25,2.467434785714284,1.688
2004-04-26,2.49087317142857,1.419
2004-04-27,2.5189391999999984,4.379
2004-04-28,2.468435357142855,3.425
2004-04-29,4.186064157142858,4.379
2004-04-30,4.185716585714286,4.82
2004-05-01,4.185301871428572,6.116
2004-05-02,4.184697157142858,7.462
2004-05-03,4.183891585714286,7.217
2004-05-04,4.1831071571428575,7.095
2004-05-05,4.1824271571428575,7.315
2004-05-06,3.577724897142857,6.067
2004-05-07,3.5593340399999995,6.434
2004-05-08,3.538580468571428,4.575
2004-05-09,3.526098525714285,5.382
2004-05-10,3.509908611428571,4.575
2004-05-11,3.498388782857142,4.575
2004-05-12,3.496145268571428,4.6
2004-05-13,4.3812650742857135,4.6
2004-05-14,4.379345074285714,4.379
2004-05-15,4.387624845714286,4.184
2004-05-16,4.395968617142857,3.376
2004-05-17,4.401134331428571,3.792
2004-05-18,4.402332045714285,5.04
2004-05-19,4.397607017142857,5.064
2004-05-20,3.1876226857142855,7.487
2004-05-21,3.1815924714285715,7.609
2004-05-22,3.1835780857142857,2.985
2004-05-23,3.192423928571429,3.058
2004-05-24,3.197267971428571,5.236
2004-05-25,3.1960344142857147,1.37
2004-05-26,3.199392685714286,1.15
2004-05-27,1.0876826942857158,0.538
2004-05-28,1.1226458942857147,0.122
2004-05-29,1.1613378085714283,0.122
2004-05-30,1.2000990942857146,0.122
2004-05-31,1.250705551428572,0.122
2004-06-01,1.31393760857143,0.122
2004-06-02,1.3987441800000002,0.514
2004-06-03,2.382300521428571,0.71
2004-06-04,2.429927878571428,0.93
2004-06-05,2.4662655928571415,1.321
2004-06-06,2.4894598785714277,0.905
2004-06-07,2.512232449999999,0.318
2004-06-08,2.536770949999999,0.122
2004-06-09,2.5595874499999995,0.122
2004-06-10,1.854937382857143,0.122
2004-06-11,1.86300824,0.122
2004-06-12,1.870068354285714,0.122
2004-06-13,1.8764684685714288,0.122
2004-06-14,1.8822764685714284,0.122
2004-06-15,1.887737497142857,0.44
2004-06-16,1.8915390971428572,0.514
2004-06-17,1.8970095142857144,1.101
2004-06-18,1.897296,1.468
2004-06-19,1.8970814,1.468
2004-06-20,1.8967219714285717,1.468
2004-06-21,1.896246257142857,1.859
2004-06-22,1.8954142857142855,1.664
2004-06-23,1.8946668857142857,1.664
2004-06-24,1.8800854285714284,1.664
2004-06-25,1.8798857142857144,1.664
2004-06-26,1.879685,1.688
2004-06-27,1.879486,1.664
2004-06-28,1.879278714285714,1.859
2004-06-29,1.8790242857142856,1.859
2004-06-30,1.8787845714285711,1.762
2004-07-01,1.6244075857142857,1.688
2004-07-02,1.6244190142857142,1.272
2004-07-03,1.6245907285714285,1.248
2004-07-04,1.6251675857142855,1.272
2004-07-05,1.6255900142857145,1.297
2004-07-06,1.6259018714285711,1.297
2004-07-07,1.626068157142857,1.297
2004-07-08,1.6379984857142855,1.297
2004-07-09,1.6381116285714283,1.297
2004-07-10,1.6381953428571427,1.297
2004-07-11,1.6404942514285712,1.297
2004-07-12,1.6463709942857143,1.297
2004-07-13,1.6523313085714286,1.566
2004-07-14,1.6661807657142855,1.492
2004-07-15,1.4880436142857143,1.492
2004-07-16,1.4886058999999998,1.297
2004-07-17,1.4889791857142856,1.492
2004-07-18,1.4891823285714283,0.905
2004-07-19,1.4893930428571427,2.104
2004-07-20,1.4893819,1.615
2004-07-21,1.489465471428571,1.737
2004-07-22,1.6675812428571428,1.713
2004-07-23,1.6746730714285714,1.713
2004-07-24,1.6810251428571428,1.713
2004-07-25,1.6844304857142858,1.762
2004-07-26,1.6880958857142858,1.713
2004-07-27,1.6909336714285712,1.713
2004-07-28,1.6945129714285714,1.713
2004-07-29,1.8678363285714288,1.713
2004-07-30,1.870305042857143,1.713
2004-07-31,1.8733043285714288,1.737
2004-08-01,1.8761677571428572,1.468
2004-08-02,1.8778799,1.321
2004-08-03,1.8789999,1.321
2004-08-04,1.880063042857143,1.321
2004-08-05,1.6502782571428571,1.297
2004-08-06,1.6712737,1.297
2004-08-07,1.6966788142857143,1.297
2004-08-08,1.7209740999999998,1.272
2004-08-09,1.735404242857143,1.297
2004-08-10,1.744721585714286,1.125
2004-08-11,1.7537757,1.272
2004-08-12,1.6950386714285717,1.076
2004-08-13,1.6952949571428573,0.905
2004-08-14,1.6963396,1.076
2004-08-15,1.6970963857142858,1.101
2004-08-16,1.697878242857143,1.076
2004-08-17,1.6990111,1.101
2004-08-18,1.701316742857143,1.272
2004-08-19,1.67817683,1.346
2004-08-20,1.68443633,1.297
2004-08-21,1.688419787142857,1.272
2004-08-22,1.6909465157142858,1.076
2004-08-23,1.6929122585714285,0.122
2004-08-24,1.6958562871428573,0.71
2004-08-25,1.6982041728571429,0.71
2004-08-26,2.1284458657142857,0.122
2004-08-27,2.1305284514285714,0.122
2004-08-28,2.1323878657142856,0.71
2004-08-29,2.1344714942857146,1.076
2004-08-30,2.136526965714286,0.881
2004-08-31,2.138807694285714,1.076
2004-09-01,2.1436256942857144,2.226
2004-09-02,2.652912531428572,2.226
2004-09-03,2.6406074457142856,1.859
2004-09-04,2.6322424457142857,2.226
2004-09-05,2.620954817142857,2.251
2004-09-06,2.61004276,2.251
2004-09-07,2.5981473885714292,1.859
2004-09-08,2.5893112171428574,2.251
2004-09-09,3.110829131428571,2.251
2004-09-10,3.0969855885714286,2.251
2004-09-11,3.0851899599999997,2.055
2004-09-12,3.082524988571428,2.055
2004-09-13,3.07717716,2.275
2004-09-14,3.064979102857143,1.492
2004-09-15,3.06008736,1.101
2004-09-16,3.1091,1.492
2004-09-17,3.1144107857142864,1.688
2004-09-18,3.1086682142857143,0.71
2004-09-19,3.1324104285714305,1.272
2004-09-20,3.141214214285717,1.076
2004-09-21,3.213676142857143,2.104
2004-09-22,3.2715245000000004,2.055
2004-09-23,2.6568424,2.642
2004-09-24,2.7077403428571434,2.642
2004-09-25,2.884845785714286,2.838
2004-09-26,3.0516914,2.838
2004-09-27,3.1452286000000003,3.034
2004-09-28,3.1993306857142865,3.034
2004-09-29,3.2497660285714285,2.251
2004-09-30,3.2948687285714287,2.838
2004-10-01,2.9117234571428576,2.275
2004-10-02,2.8917325142857147,2.471
2004-10-03,2.8812575000000007,2.471
2004-10-04,2.865957085714286,2.471
2004-10-05,2.842249685714286,2.862
2004-10-06,2.813057514285716,1.957
2004-10-07,2.794670042857144,2.08
2004-10-08,2.663658071428572,1.884
2004-10-09,2.651592285714286,1.101
2004-10-10,2.6465819999999995,1.884
2004-10-11,2.638264142857143,2.3
2004-10-12,2.6570331428571428,2.275
2004-10-13,2.674285357142857,2.887
2004-10-14,2.6747648571428573,2.887
2004-10-15,2.5820021485714286,2.887
2004-10-16,2.5873796342857145,2.3
2004-10-17,2.607347691428572,0.93
2004-10-18,2.643435462857142,0.905
2004-10-19,2.6710364914285725,1.517
2004-10-20,2.687563977142857,2.031
2004-10-21,2.69105552,3.548
2004-10-22,4.339756000000007,3.963
2004-10-23,4.1326063428571445,3.963
2004-10-24,4.006450514285717,3.963
2004-10-25,3.9173176000000103,4.575
2004-10-26,3.767637828571432,5.603
2004-10-27,3.7744865714285782,5.627
2004-10-28,3.9606929714285735,5.627
2004-10-29,5.00340906285714,5.652
2004-10-30,4.932836034285714,5.676
2004-11-01,4.751347691428571,5.48
2004-11-02,4.640501634285714,5.701
2004-11-03,4.604903462857142,5.701
2004-11-04,4.539351577142857,5.701
2004-11-05,6.949693211428577,5.701
2004-11-06,6.540360168571433,5.725
2004-11-07,6.152660111428572,5.749
2004-11-08,5.783513611428573,5.725
2004-11-09,5.424606211428576,5.676
2004-11-10,5.208430325714289,5.774
2004-11-11,5.028976625714291,5.798
2004-11-12,4.199680047142863,5.211
2004-11-13,3.6527206042857183,5.211
2004-11-14,3.275201462857143,5.236
2004-11-15,3.249529005714286,5.285
2004-11-16,3.238386377142857,4.453
2004-11-17,3.225414262857143,3.719
2004-11-18,3.1687134628571436,3.768
2004-11-19,3.681492234285713,3.229
2004-11-20,3.895299648571426,3.229
2004-11-21,3.9466018342857176,3.254
2004-11-22,3.900999891428577,3.254
2004-11-23,3.804288991428568,3.327
2004-11-24,3.795593705714282,3.278
2004-11-25,3.6565657485714302,3.278
2004-11-26,5.228693477142863,4.184
2004-11-27,4.767227462857148,4.159
2004-11-28,4.431664562857146,4.184
2004-11-29,4.127309334285717,4.159
2004-11-30,3.8471909914285782,4.208
2004-12-01,3.6124363771428625,4.673
2004-12-02,3.507874591428581,4.893
2004-12-03,4.626030005714289,4.282
2004-12-04,6.371341434285719,3.817
2004-12-05,8.434773034285715,3.841
2004-12-06,10.414627891428577,3.841
2004-12-07,11.50244692,3.915
2004-12-08,12.12360160571429,4.795
2004-12-09,13.727306062857147,4.746
2004-12-10,10.530042857142858,4.673
2004-12-11,10.462322357142854,10.912
2004-12-12,9.024688357142852,10.74
2004-12-13,9.376875357142854,10.594
2004-12-14,8.818951357142856,10.618
2004-12-15,8.428939857142852,10.667
2004-12-16,8.007365857142856,10.692
2004-12-17,8.511939082857142,8.318
2004-12-18,8.134422382857144,8.343
2004-12-19,7.667746282857144,8.343
2004-12-20,7.311296782857143,8.392
2004-12-21,6.897727582857142,8.441
2004-12-22,6.559837282857141,8.22
2004-12-23,6.084069682857144,8.587
2004-12-24,4.470502642857143,8.685
2004-12-25,4.372724071428572,8.734
2004-12-26,4.276867642857143,8.661
2004-12-27,4.195594428571429,7.927
2004-12-28,4.097732285714286,8.759
2004-12-29,4.007085142857143,7.217
2004-12-30,3.940339428571429,6.483
2004-12-31,2.675542857142858,5.652
2005-01-01,2.4659680000000015,4.526
2005-01-02,2.2242180285714306,5.456
2005-01-03,1.9965740571428572,4.306
2005-01-04,1.821861171428574,3.474
2005-01-05,1.770609371428573,2.275
2005-01-06,1.7184843428571444,1.933
2005-01-07,1.6099444285714282,2.031
2005-01-08,1.577581285714286,2.031
2005-01-09,1.5747257142857112,1.321
2005-01-10,1.5841808285714276,1.321
2005-01-11,1.6243491999999975,1.297
2005-01-12,1.82550834285714,1.517
2005-01-13,2.9622161428571405,1.223
2005-01-14,3.1662645514285708,2.129
2005-01-15,3.3718157799999977,1.443
2005-01-16,3.5124809228571405,1.468
2005-01-17,3.641395379999998,1.468
2005-01-18,3.839055637142857,1.468
2005-01-19,4.52398338,1.443
2005-01-20,4.1257466371428535,2.618
2005-01-21,3.687967861428571,1.248
2005-01-22,3.609459561428573,1.492
2005-01-23,3.563992427142857,2.226
2005-01-24,3.565678184285715,2.422
2005-01-25,3.5621098557142856,2.177
2005-01-26,3.5616905557142857,2.006
2005-01-27,3.5645229699999996,1.762
2005-01-28,3.226533041428571,1.517
2005-01-29,3.2525442985714283,0.832
2005-01-30,3.318153698571428,0.807
2005-01-31,3.3481610985714303,0.807
2005-02-01,3.355136184285716,1.737
2005-02-02,3.3335933414285717,1.957
2005-02-03,3.323239698571427,1.957
2005-02-04,0.9454489142857158,1.272
2005-02-05,1.0867499428571494,0.343
2005-02-06,1.2374516571428558,0.122
2005-02-07,1.4095714285714311,0.122
2005-02-08,1.61716182857143,0.122
2005-02-09,1.808470628571436,0.122
2005-02-10,1.971092800000004,0.122
2005-02-11,0.7712753857142857,0.636
2005-02-12,0.7713895285714286,0.587
2005-02-13,0.7715636714285715,0.758
2005-02-14,0.7717829571428572,0.758
2005-02-15,0.7720185285714286,0.783
2005-02-16,0.7721819571428572,1.248
2005-02-17,0.7722819571428572,1.248
2005-02-18,0.4779239,1.248
2005-02-19,0.4779839,1.248
2005-02-20,0.4780899,1.272
2005-02-21,0.4783729,0.563
2005-02-22,0.4784649,0.587
2005-02-23,0.4784341857142857,1.223
2005-02-24,0.4784104714285714,1.248
2005-02-25,0.3814807285714286,1.223
2005-02-26,0.3814853,1.223
2005-02-27,0.3815711571428571,0.587
2005-02-28,0.3816358714285714,0.563
2005-03-01,0.3816980142857143,0.563
2005-03-02,0.3818395857142857,0.122
2005-03-03,0.3819774428571429,0.563
2005-03-04,0.5405749142857144,0.563
2005-03-05,0.5407427000000001,0.563
2005-03-06,0.5408063428571429,0.563
2005-03-07,0.5410223428571429,0.343
2005-03-08,0.5412510714285715,0.343
2005-03-09,0.5413907000000001,0.367
2005-03-10,0.5415098857142857,0.343
2005-03-11,0.3510636542857143,0.343
2005-03-12,0.3520282542857144,0.343
2005-03-13,0.3529973971428571,0.538
2005-03-14,0.3544556542857143,0.538
2005-03-15,0.3563485114285713,0.538
2005-03-16,0.3586986828571429,0.538
2005-03-17,0.3614107685714285,0.538
2005-03-18,0.13051222571428614,0.538
2005-03-19,0.15167335428571452,0.538
2005-03-20,0.1797340971428569,0.122
2005-03-21,0.26841205428571413,0.122
2005-03-22,0.5936416114285714,0.122
2005-03-23,0.7663746685714281,0.538
2005-03-24,0.9231704257142852,0.538
2005-03-25,1.077928521428571,0.122
2005-03-26,1.160094021428571,0.122
2005-03-27,1.3254021642857157,0.122
2005-03-28,1.6505220214285714,0.122
2005-03-29,1.5813891642857152,0.122
2005-03-30,1.6399810928571432,0.122
2005-03-31,1.7035686642857155,0.122
2005-04-01,2.4356668542857136,0.122
2005-04-02,2.502213454285715,0.122
2005-04-03,2.571687654285714,0.122
2005-04-04,2.645649768571428,0.122
2005-04-05,2.713306282857143,0.122
2005-04-06,2.774769797142857,0.122
2005-04-07,2.8301368257142863,0.122
2005-04-08,2.7319354757142853,0.122
2005-04-09,2.7569341042857127,0.122
2005-04-10,2.7792617899999987,0.122
2005-04-11,2.8015021899999986,0.122
2005-04-12,2.8600154985714306,0.122
2005-04-13,2.9786728271428564,0.122
2005-04-14,3.10339332714286,1.957
2005-04-15,3.710882814285714,1.199
2005-04-16,3.779982457142858,1.395
2005-04-17,3.860389314285714,1.395
2005-04-18,4.647112785714285,1.737
2005-04-19,5.270309714285726,1.541
2005-04-20,5.8463862857142725,2.349
2005-04-21,6.137565928571429,2.251
2005-04-22,4.66421437142857,2.814
2005-04-23,4.6675162571428555,4.257
2005-04-24,4.626542857142857,4.379
2005-04-25,4.582542728571426,3.694
2005-04-26,4.556352771428569,4.282
2005-04-27,4.506649385714284,4.771
2005-04-28,4.447290485714284,3.866
2005-04-29,4.197322157142858,3.866
2005-04-30,4.197138014285715,4.991
2005-05-01,4.1968223,5.896
2005-05-02,4.196415014285715,6.214
2005-05-03,4.1960761571428575,5.48
2005-05-04,4.196252157142857,6.679
2005-05-05,4.1961133,7.193
2005-05-06,3.995154782857142,6.312
2005-05-07,3.9841585828571424,5.236
2005-05-08,3.9753675828571424,4.697
2005-05-09,3.969820525714286,4.135
2005-05-10,3.9739499542857137,0.881
2005-05-11,3.994716297142857,0.122
2005-05-12,4.02302204,0.122
2005-05-13,4.650196731428571,0.807
2005-05-14,4.76531225142857,0.122
2005-05-15,4.924443908571427,0.832
2005-05-16,5.007741965714282,0.122
2005-05-17,5.1309385371428515,0.489
2005-05-18,5.228835222857136,5.676
2005-05-19,5.0078740800000014,5.872
2005-05-20,6.0903408571428566,5.872
2005-05-21,5.345768585714284,5.138
2005-05-22,4.753755999999986,3.645
2005-05-23,4.407233999999984,3.523
2005-05-24,4.056886757142853,4.82
2005-05-25,3.4215491428571427,3.694
2005-05-26,3.419427485714286,3.156
2005-05-27,3.987842215714291,2.985
2005-05-28,3.9137206585714313,3.352
2005-05-29,3.7963804157142937,3.009
2005-05-30,3.751877258571438,3.009
2005-05-31,3.8951336014285767,2.985
2005-06-01,4.16630818714287,2.96
2005-06-02,4.31931140142858,1.957
2005-06-03,3.7001417585714274,1.957
2005-06-04,3.861256658571425,3.621
2005-06-05,3.708586629999997,3.45
2005-06-06,3.589364915714295,5.578
2005-06-07,3.4457233785714285,2.104
2005-06-08,3.4450380928571422,2.275
2005-06-09,3.4419191642857134,2.642
2005-06-10,2.516480431428558,2.716
2005-06-11,2.551040545714289,3.817
2005-06-12,2.30911974571427,4.379
2005-06-13,2.2123594399999997,1.933
2005-06-14,2.214324354285714,1.566
2005-06-15,2.2161798971428572,1.199
2005-06-16,2.312155431428567,1.59
2005-06-17,3.043940571428558,2.471
2005-06-18,2.8591585714285492,3.401
2005-06-19,2.459106571428557,2.887
2005-06-20,2.144132571428534,2.129
2005-06-21,2.0409265714285505,2.496
2005-06-22,1.9817860285714288,2.496
2005-06-23,1.9805428285714284,2.129
2005-06-24,1.8922508571428571,1.566
2005-06-25,1.8920551428571424,1.957
2005-06-26,1.8917967142857144,1.957
2005-06-27,1.8915501428571428,1.957
2005-06-28,1.891289714285714,1.101
2005-06-29,1.891155857142857,1.419
2005-06-30,1.890978857142857,1.786
2005-07-01,1.6327853,1.762
2005-07-02,1.6325560142857145,1.957
2005-07-03,1.6322980142857142,1.933
2005-07-04,1.6320382999999998,2.177
2005-07-05,1.6317494428571429,1.762
2005-07-06,1.631508442857143,1.957
2005-07-07,1.631238442857143,1.982
2005-07-08,1.6374436285714284,1.957
2005-07-09,1.6373659142857142,1.248
2005-07-10,1.6373772,1.248
2005-07-11,1.637324342857143,1.223
2005-07-12,1.6376593428571429,1.223
2005-07-13,1.6533341657142857,1.419
2005-07-14,1.6660938514285717,1.468
2005-07-15,1.5879437328571429,1.737
2005-07-16,1.5967323185714284,1.786
2005-07-17,1.6083679614285715,1.615
2005-07-18,1.6150911757142856,1.615
2005-07-19,1.6204410614285716,1.566
2005-07-20,1.6326540042857138,1.566
2005-07-21,1.642661732857143,1.59
2005-07-22,1.6442481428571427,1.419
2005-07-23,1.6452901285714283,1.419
2005-07-24,1.6463532,1.395
2005-07-25,1.647068357142857,1.395
2005-07-26,1.6506775285714286,1.419
2005-07-27,1.6588095857142855,1.395
2005-07-28,1.6698339000000002,1.395
2005-07-29,1.8781767571428571,1.37
2005-07-30,1.8783173285714283,1.37
2005-07-31,1.8784779,1.37
2005-08-01,1.8787179,1.395
2005-08-02,1.8789701857142855,1.37
2005-08-03,1.8791861857142855,1.566
2005-08-04,1.8793347571428571,1.566
2005-08-05,1.7368887571428573,1.786
2005-08-06,1.7375326,1.566
2005-08-07,1.7386187142857144,1.566
2005-08-08,1.7403818714285717,1.737
2005-08-09,1.7420537285714286,1.59
2005-08-10,1.7435821142857144,1.615
2005-08-11,1.744741742857143,1.59
2005-08-12,1.7596161714285716,1.664
2005-08-13,1.7641281000000002,1.59
2005-08-14,1.7675870285714288,1.615
2005-08-15,1.770073742857143,1.615
2005-08-16,1.7719104571428572,1.615
2005-08-17,1.7704916,1.639
2005-08-18,1.7741594571428574,1.59
2005-08-19,1.764929372857143,1.81
2005-08-20,1.7685857157142857,1.566
2005-08-21,1.7738761014285716,1.59
2005-08-22,1.7768079014285714,1.664
2005-08-23,1.7790121014285714,2.177
2005-08-24,1.7832951585714285,1.81
2005-08-25,1.7872251157142856,1.615
2005-08-26,2.1136664942857144,1.639
2005-08-27,2.1134016085714284,1.615
2005-08-28,2.1130939657142855,1.59
2005-08-29,2.1120959514285715,1.443
2005-08-30,2.1143057657142856,1.443
2005-08-31,2.1234380657142857,1.639
2005-09-01,2.127203822857143,1.639
2005-09-02,2.73676056,2.373
2005-09-03,2.724926645714286,2.569
2005-09-04,2.7134614742857144,2.177
2005-09-05,2.704563845714286,2.349
2005-09-06,2.6953725885714284,2.936
2005-09-07,2.6806433600000004,2.985
2005-09-08,2.663469502857143,3.376
2005-09-09,3.2203906514285707,3.352
2005-09-10,3.1835898657142856,2.593
2005-09-11,3.1572067228571425,3.181
2005-09-12,3.12348808,3.229
2005-09-13,3.0963506457142853,3.034
2005-09-14,3.072008188571428,3.034
2005-09-15,3.048184417142857,3.254
2005-09-16,3.1148028571428563,3.058
2005-09-17,3.1309847142857143,3.254
2005-09-18,3.1939299999999986,3.254
2005-09-19,3.4862014285714276,3.254
2005-09-20,3.733634142857144,3.083
2005-09-21,3.8503645,3.132
2005-09-22,3.9029733571428578,3.107
2005-09-23,2.8412238857142857,3.107
2005-09-24,2.8344280714285723,3.083
2005-09-25,2.8290161000000005,3.107
2005-09-26,2.8283373999999997,3.132
2005-09-27,2.8282051857142863,3.156
2005-09-28,2.825516828571428,3.401
2005-09-29,2.8184037,3.45
2005-09-30,2.8084171142857146,3.181
2005-10-01,2.683071428571429,2.618
2005-10-02,2.650657328571429,2.642
2005-10-03,2.6175988428571437,2.593
2005-10-04,2.5849150000000014,2.887
2005-10-05,2.5465216000000015,2.618
2005-10-06,2.513178385714286,2.593
2005-10-07,2.4800599571428585,2.202
2005-10-08,2.454742857142857,2.618
2005-10-09,2.4344766428571427,2.642
2005-10-10,2.414660571428571,2.642
2005-10-11,2.3930635,2.593
2005-10-12,2.3722884285714287,2.422
2005-10-13,2.357081428571429,2.667
2005-10-14,2.3445361428571423,2.642
2005-10-15,2.131440205714286,2.031
2005-10-16,2.112160262857143,1.81
2005-10-17,2.0933263200000005,1.81
2005-10-18,2.075486320000001,2.08
2005-10-19,2.0526638628571434,1.786
2005-10-20,2.0364294628571424,1.786
2005-10-21,2.020373462857143,2.006
2005-10-22,1.800988142857143,2.006
2005-10-23,1.800889,2.006
2005-10-24,1.8007277142857143,2.006
2005-10-25,1.8009512857142858,1.37
2005-10-26,1.8022108571428572,0.954
2005-10-27,1.8028238571428576,0.954
2005-10-28,1.803451,1.59
2005-10-29,4.164878205714286,1.81
2005-10-31,4.416454777142856,1.737
2005-11-01,4.922793748571428,1.81
2005-11-02,5.282376834285714,3.278
2005-11-03,5.140261177142857,3.89
2005-11-04,5.0635588914285705,5.872
2005-11-05,8.57024249714286,5.847
2005-11-06,8.603346354285716,5.847
2005-11-07,8.806126725714288,6.263
2005-11-08,8.379009982857147,10.251
2005-11-09,8.199556282857149,10.251
2005-11-10,7.807468040000003,10.251
2005-11-11,7.32938675428572,10.422
2005-11-12,7.734818718571432,10.276
2005-11-13,7.069742375714286,9.395
2005-11-14,7.297607847142866,7.462
2005-11-15,6.742691632857153,5.064
2005-11-16,5.45506651857143,7.511
2005-11-17,4.45004397571429,7.413
2005-11-18,3.441866161428582,8.318
2005-11-19,4.981437448571427,9.003
2005-11-20,5.4149457485714265,6.655
2005-11-21,4.753137891428573,4.061
2005-11-22,4.7553600199999995,3.205
2005-11-23,4.731786134285711,3.229
2005-11-24,4.893518448571423,3.205
2005-11-25,4.991098877142856,3.229
2005-11-26,7.015788448571434,3.205
2005-11-27,7.464599805714292,3.181
2005-11-28,7.529374491428574,3.205
2005-11-29,7.603372062857147,3.205
2005-11-30,7.609163177142859,5.431
2005-12-01,6.855031405714295,6.483
2005-12-02,6.495660591428573,9.933
2005-12-03,5.964579262857143,10.912
2005-12-04,4.872575891428576,11.034
2005-12-05,4.5354638085714285,8.245
2005-12-06,4.419129551428571,8.318
2005-12-07,4.301277637142858,5.652
2005-12-08,4.372938294285715,4.722
2005-12-09,4.271800065714285,4.844
2005-12-10,4.956711357142857,3.792
2005-12-11,4.8759618571428565,3.768
2005-12-12,4.815210357142855,3.768
2005-12-13,4.723552857142857,3.719
2005-12-14,4.648509857142855,4.648
2005-12-15,4.7053223571428555,4.648
2005-12-16,4.841369357142857,4.673
2005-12-17,6.075103582857143,3.768
2005-12-18,6.789632782857142,3.743
2005-12-19,7.169281282857144,2.814
2005-12-20,7.579903582857142,2.862
2005-12-21,7.857664582857144,5.603
2005-12-22,8.407606282857145,6.092
2005-12-23,14.06746026285714,6.777
2005-12-24,12.227045148571433,11.083
2005-12-25,16.763248291428575,12.111
2005-12-26,20.90278663428572,13.334
2005-12-27,22.05996656285715,13.187
2005-12-28,23.030523220000003,13.187
2005-12-29,25.48062223428572,3.45
2005-12-30,25.841725977142858,0.122
2005-12-31,21.029446171428567,0.122
2006-01-01,21.103449114285713,0.122
2006-01-02,20.143611142857143,0.122
2006-01-03,19.446047228571423,11.254
2006-01-04,18.84492917142857,19.793
2006-01-05,20.95837694285714,21.089
2006-01-06,21.999918857142852,21.799
2006-01-07,19.110091828571427,22.655
2006-01-08,19.220570714285714,22.508
2006-01-09,19.21504994285714,21.677
2006-01-10,19.192776485714283,20.135
2006-01-11,21.86324342857143,6.777
2006-01-12,22.82195394285714,0.122
2006-01-13,22.53297011428571,7.805
2006-01-14,16.33269346571429,9.664
2006-01-15,16.325917522857143,12.649
2006-01-16,15.798380351428571,18.472
2006-01-17,15.223154265714284,20.796
2006-01-18,16.07503609428571,7.022
2006-01-19,15.734008894285711,7.217
2006-01-20,15.007353351428568,18.912
2006-01-21,24.678792818571427,19.915
2006-01-22,22.92164521857143,26.741
2006-01-23,20.99626554714286,29.53
2006-01-24,19.241172689999996,31.145
2006-01-25,18.139316832857144,31.438
2006-01-26,16.795515004285715,31.634
2006-01-27,16.336023132857147,26.643
2006-01-28,12.02770205571429,25.444
2006-01-29,11.948109198571435,22.998
2006-01-30,11.959252198571432,20.551
2006-01-31,13.073393012857156,13.823
2006-02-01,11.87567969857143,13.505
2006-02-02,11.923594598571436,12.062
2006-02-03,9.903209512857147,13.652
2006-02-04,12.480381028571438,13.481
2006-02-05,11.406473828571434,15.242
2006-02-06,9.671029714285718,15.389
2006-02-07,8.671358857142861,10.643
2006-02-08,8.329542171428573,4.477
2006-02-09,8.141625371428574,4.453
2006-02-10,7.91019405714286,4.453
2006-02-11,2.08295866857143,3.792
2006-02-12,2.1414742685714288,0.122
2006-02-13,2.19050386857143,0.122
2006-02-14,2.2596586685714306,0.122
2006-02-15,2.3201830685714304,0.122
2006-02-16,2.370328668571428,0.122
2006-02-17,2.431113468571429,0.122
2006-02-18,0.48667661428571424,0.122
2006-02-19,0.4867640428571428,0.343
2006-02-20,0.4869469,0.538
2006-02-21,0.48705947142857137,0.538
2006-02-22,0.4873753285714285,0.71
2006-02-23,0.9979733642857128,0.93
2006-02-24,1.4820737214285649,0.93
2006-02-25,0.3922833,0.122
2006-02-26,0.3927650142857143,0.122
2006-02-27,0.3931454428571429,0.318
2006-02-28,0.45239502714286217,0.514
2006-03-01,1.164425641428571,0.122
2006-03-02,1.3898552414285714,0.122
2006-03-03,1.7544705414285724,0.122
2006-03-04,0.5777392571428562,0.122
2006-03-05,0.685922857142856,0.122
2006-03-06,0.780068,0.122
2006-03-07,0.8770458285714275,0.122
2006-03-08,0.984979485714283,0.122
2006-03-09,1.118823885714286,0.122
2006-03-10,1.2184261142857136,0.122
2006-03-11,0.5170360085714378,0.122
2006-03-12,0.8525260085714389,0.122
2006-03-13,1.204220808571441,0.122
2006-03-14,1.5490792085714378,0.122
2006-03-15,1.826839608571439,0.122
2006-03-16,2.1995500085714315,0.122
2006-03-17,2.6617666085714404,0.122
2006-03-18,1.5319148800000002,0.122
2006-03-19,1.8908742514285688,0.122
2006-03-20,2.2420496085714285,0.122
2006-03-21,2.545447222857145,0.122
2006-03-22,2.9064644371428545,0.122
2006-03-23,3.2361666514285736,0.122
2006-03-24,3.5809000657142867,0.122
2006-03-25,1.7723717357142863,0.122
2006-03-26,1.845975021428572,0.122
2006-03-27,1.9130314500000016,0.122
2006-03-28,1.981065021428572,0.122
2006-03-29,2.0474496642857156,0.122
2006-03-30,2.110963950000001,0.122
2006-03-31,2.171962092857143,0.122
2006-04-01,3.1193097114285715,1.297
2006-04-02,4.1030452414285685,0.122
2006-04-03,4.493381184285714,0.122
2006-04-04,4.8688539271428635,3.89
2006-04-05,4.892741212857151,5.847
2006-04-06,4.734819712857147,6.239
2006-04-07,4.536732184285719,6.239
2006-04-08,3.9789897414285713,6.63
2006-04-09,3.89219065571429,5.48
2006-04-10,3.8449617414285706,3.548
2006-04-11,3.8548010985714343,2.765
2006-04-12,3.88517014142857,3.548
2006-04-13,3.8588432128571406,2.202
2006-04-14,3.8941053414285705,0.881
2006-04-15,3.8707142857142856,0.122
2006-04-16,5.124840714285694,0.856
2006-04-17,6.030518142857139,1.81
2006-04-18,6.649365500000012,3.645
2006-04-19,6.775744714285728,3.645
2006-04-20,6.877234714285724,3.645
2006-04-21,6.96519271428573,3.841
2006-04-22,5.050864828571418,4.208
2006-04-23,5.161672742857133,5.138
2006-04-24,5.088867542857137,5.309
2006-04-25,4.869518542857146,4.6
2006-04-26,4.700173114285698,5.896
2006-04-27,4.609232971428571,6.63
2006-04-28,4.514378799999998,5.529
2006-04-29,4.197534442857143,4.575
2006-04-30,4.1973003,4.184
2006-05-01,4.197171014285715,4.208
2006-05-02,4.1970544428571435,7.193
2006-05-03,4.196433014285715,6.85
2006-05-04,4.195827442857143,4.991
2006-05-05,4.195498442857143,7.193
2006-05-06,3.969726868571428,7.242
2006-05-07,3.949020125714285,7.315
2006-05-08,3.9279472685714287,7.291
2006-05-09,3.908845468571428,7.144
2006-05-10,3.8904162971428566,7.731
2006-05-11,3.8690965257142858,7.756
2006-05-12,3.846848697142857,7.291
2006-05-13,4.521452502857143,7.266
2006-05-14,4.514759931428571,7.413
2006-05-15,4.512753988571428,9.199
2006-05-16,4.505527474285714,9.737
2006-05-17,4.493972731428571,10.227
2006-05-18,4.480068274285714,10.838
2006-05-19,4.465516502857143,11.205
2006-05-20,3.251926628571429,10.936
2006-05-21,3.2406671714285715,9.982
2006-05-22,3.2350405,4.502
2006-05-23,3.2362098571428572,2.716
2006-05-24,3.2373578142857147,1.933
2006-05-25,3.2385271714285717,1.908
2006-05-26,3.2400893714285712,2.129
2006-05-27,1.5636747514285716,1.321
2006-05-28,1.615148351428571,0.122
2006-05-29,1.7007006657142856,0.122
2006-05-30,1.7815183800000003,0.122
2006-05-31,1.8437445514285724,0.122
2006-06-01,1.8935358942857152,0.122
2006-06-02,1.9365461800000008,0.122
2006-06-03,2.6362428071428563,0.122
2006-06-04,2.6535770214285708,0.122
2006-06-05,2.6692068071428565,0.122
2006-06-06,2.684801449999999,0.122
2006-06-07,2.700563021428571,0.122
2006-06-08,2.7155338785714283,0.122
2006-06-09,2.7319895214285705,0.881
2006-06-10,1.9237961257142857,1.076
2006-06-11,1.9278277828571428,1.076
2006-06-12,1.93009064,0.881
2006-06-13,1.9328437828571428,1.468
2006-06-14,1.9327117828571427,1.076
2006-06-15,1.933620697142857,1.272
2006-06-16,1.9336056114285711,0.881
2006-06-17,1.908138057142857,1.272
2006-06-18,1.908026,1.272
2006-06-19,1.907810342857143,1.468
2006-06-20,1.9072320857142857,0.881
2006-06-21,1.9072669714285715,1.639
2006-06-22,1.9065079428571428,2.031
2006-06-23,1.9052742571428571,1.835
2006-06-24,1.8812505714285712,1.835
2006-06-25,1.8810224285714283,1.859
2006-06-26,1.880796714285714,1.859
2006-06-27,1.8805701428571429,2.031
2006-06-28,1.880317,2.055
2006-06-29,1.8800602857142856,1.859
2006-06-30,1.879824857142857,1.859
2006-07-01,1.6249667285714284,1.664
2006-07-02,1.6248154428571429,1.468
2006-07-03,1.624660442857143,1.272
2006-07-04,1.6245388714285711,1.468
2006-07-05,1.6243818714285714,1.468
2006-07-06,1.6242691571428571,1.468
2006-07-07,1.6241488714285717,1.468
2006-07-08,1.6298554857142855,1.468
2006-07-09,1.6296766285714284,1.468
2006-07-10,1.6294892,1.395
2006-07-11,1.6293259142857142,1.492
2006-07-12,1.6291469142857142,1.468
2006-07-13,1.628963057142857,1.664
2006-07-14,1.6288246285714283,1.492
2006-07-15,1.8284160757142855,1.492
2006-07-16,1.8681278614285712,1.468
2006-07-17,1.9019698328571428,1.664
2006-07-18,1.9318603471428573,1.688
2006-07-19,1.9511837614285712,1.688
2006-07-20,1.963339332857143,1.664
2006-07-21,1.979550347142857,1.688
2006-07-22,2.014175914285714,1.688
2006-07-23,2.035372328571429,1.492
2006-07-24,2.0512270285714287,1.713
2006-07-25,2.063300357142857,1.688
2006-07-26,2.074463485714286,1.688
2006-07-27,2.0825041714285715,1.713
2006-07-28,2.095185471428571,1.688
2006-07-29,1.8914139,1.688
2006-07-30,1.892059757142857,1.713
2006-07-31,1.8927024714285712,1.688
2006-08-01,1.8936174714285712,1.713
2006-08-02,1.8955746142857144,1.713
2006-08-03,1.900027185714286,1.688
2006-08-04,1.9056753285714283,1.713
2006-08-05,1.8444045857142857,1.713
2006-08-06,1.849778242857143,1.713
2006-08-07,1.8550997285714288,1.737
2006-08-08,1.8626290142857145,1.713
2006-08-09,1.8788922714285712,1.713
2006-08-10,1.9158450571428571,1.713
2006-08-11,1.9626890714285712,1.908
2006-08-12,1.8429471,1.713
2006-08-13,1.845798742857143,1.762
2006-08-14,1.847993885714286,1.737
2006-08-15,1.8498073857142856,1.884
2006-08-16,1.8513553142857144,1.737
2006-08-17,1.8532663142857144,1.737
2006-08-18,1.8554735285714288,1.762
2006-08-19,1.859141344285714,1.762
2006-08-20,1.8756697871428576,1.737
2006-08-21,1.8896715014285712,1.737
2006-08-22,1.902323487142857,1.737
2006-08-23,1.91045243,1.737
2006-08-24,1.9155364585714283,1.737
2006-08-25,1.9223844585714285,1.737
2006-08-26,2.0518938942857146,1.737
2006-08-27,2.0502847657142858,1.737
2006-08-28,2.048637051428571,1.762
2006-08-29,2.0470602514285714,1.762
2006-08-30,2.0252634942857144,1.762
2006-08-31,2.023629337142857,1.957
2006-09-01,2.022267365714286,1.957
2006-09-02,2.227431074285714,1.982
2006-09-03,2.215924931428572,1.957
2006-09-04,2.204350502857143,1.786
2006-09-05,2.1940803314285717,1.81
2006-09-06,2.1835506742857147,1.786
2006-09-07,2.173423902857143,1.762
2006-09-08,2.162955702857143,1.762
2006-09-09,2.54964696,1.786
2006-09-10,2.535705045714285,2.814
2006-09-11,2.5121137885714284,2.618
2006-09-12,2.4901590742857143,2.618
2006-09-13,2.468696217142857,2.618
2006-09-14,2.447018731428571,2.642
2006-09-15,2.4252697028571424,2.447
2006-09-16,2.866675571428571,3.694
2006-09-17,2.9021683571428576,3.694
2006-09-18,2.9265343571428573,3.719
2006-09-19,3.0146784285714285,2.862
2006-09-20,3.0884274285714284,3.572
2006-09-21,3.2230858571428587,3.523
2006-09-22,3.6000803571428577,2.936
2006-09-23,3.514300371428571,3.107
2006-09-24,3.542735257142858,3.621
2006-09-25,3.564101085714286,3.596
2006-09-26,3.603650785714286,3.596
2006-09-27,3.707818014285714,3.401
2006-09-28,3.9675662,3.67
2006-09-29,4.298525,3.352
2006-09-30,4.487432771428571,3.401
2006-10-01,1.6069173142857156,2.96
2006-10-02,1.565287000000001,2.96
2006-10-03,1.5231621571428586,2.936
2006-10-04,1.4824160000000006,3.009
2006-10-05,1.4402611857142864,3.009
2006-10-06,1.3981063714285722,1.859
2006-10-07,1.3734398857142869,1.639
2006-10-08,1.735913642857143,1.688
2006-10-09,1.7236815,1.835
2006-10-10,1.7197965714285712,1.639
2006-10-11,1.712369214285714,1.395
2006-10-12,1.7017321428571428,1.443
2006-10-13,1.6953714285714283,1.933
2006-10-14,1.6824445,1.933
2006-10-15,1.2757573485714289,1.713
2006-10-16,1.2575987771428572,1.713
2006-10-17,1.2395548914285717,1.713
2006-10-18,1.2225814057142863,1.639
2006-10-19,1.2062068342857142,1.639
2006-10-20,1.189003977142857,1.37
2006-10-21,1.1751142628571432,1.346
2006-10-22,1.791432285714286,1.492
2006-10-23,1.7912427142857144,1.737
2006-10-24,1.7910315714285716,1.908
2006-10-25,1.790795142857143,1.908
2006-10-26,1.790547857142857,1.859
2006-10-27,1.7903780000000002,1.639
2006-10-28,1.7903490000000002,1.664
2006-10-30,1.5457758714285712,1.615
2006-10-31,1.5478171571428572,1.688
2006-11-01,1.5486867285714283,1.737
2006-11-02,3.023001062857144,1.492
2006-11-03,3.582425634285715,1.297
2006-11-04,3.920088834285713,1.297
2006-11-05,6.7534566257142865,0.587
2006-11-06,8.455225840000006,0.122
2006-11-07,8.410882068571429,0.122
2006-11-08,12.651101240000006,0.122
2006-11-09,11.25866062571429,3.352
2006-11-10,10.70844372571429,10.398
2006-11-11,10.58773012571429,13.187
2006-11-12,13.475492118571433,15.829
2006-11-13,11.873848904285726,15.927
2006-11-14,12.336576318571442,12.673
2006-11-15,11.885372504285716,10.276
2006-11-16,10.220623861428578,16.808
2006-11-17,10.282768990000006,14.973
2006-11-18,9.572284175714287,10.496
2006-11-19,10.256287605714286,10.569
2006-11-20,10.509030577142855,10.716
2006-11-21,10.829113705714285,10.814
2006-11-22,10.64264813428571,10.887
2006-11-23,10.51105947714286,10.838
2006-11-24,9.98045382,10.838
2006-11-25,9.83446963428571,10.74
2006-11-26,10.986562477142863,12.257
2006-11-27,9.94898783428572,12.771
2006-11-28,8.92245920571429,12.796
2006-11-29,7.7354952628571425,11.768
2006-11-30,7.0201854057142885,8.196
2006-12-01,6.900931348571431,6.043
2006-12-02,6.770416791428581,4.967
2006-12-03,6.806072634285714,5.236
2006-12-04,6.8633320628571415,5.04
2006-12-05,6.913654291428571,5.309
2006-12-06,7.139718919999999,5.872
2006-12-07,8.208378062857147,5.945
2006-12-08,11.046353548571432,7.413
2006-12-09,14.715691891428577,7.951
2006-12-10,11.449496357142856,9.811
2006-12-11,11.640638857142855,9.909
2006-12-12,11.76537385714286,9.909
2006-12-13,12.895361857142856,11.352
2006-12-14,13.248407357142856,1.003
2006-12-15,13.821329857142857,3.621
2006-12-16,13.088675857142857,7.168
2006-12-17,27.77018886285714,15.316
2006-12-18,23.683004662857147,24.319
2006-12-19,19.33794966285713,26.032
2006-12-20,16.68151786285713,26.521
2006-12-21,15.12183006285714,26.668
2006-12-22,13.41893106285714,26.08
2006-12-23,10.435742062857132,21.995
2006-12-24,9.099695919999997,17.42
2006-12-25,8.08779592000001,13.383
2006-12-26,9.15983169142858,5.015
2006-12-27,9.859488262857148,5.921
2006-12-28,9.720857962857142,0.122
2006-12-29,10.92458529142857,15.316
2006-12-30,10.330455434285714,18.985
2006-12-31,9.359937514285717,19.573
2007-01-01,8.706819371428569,17.297
2007-01-02,8.787569857142854,8.172
2007-01-03,9.429686571428574,7.242
2007-01-04,11.867163085714283,3.083
2007-01-05,11.839219457142852,0.122
2007-01-06,11.92701085714286,0.122
2007-01-07,10.849748628571424,2.373
2007-01-08,10.712744657142853,8.857
2007-01-09,10.724420771428573,10.251
2007-01-10,10.088072542857144,10.3
2007-01-11,9.57305437142857,10.569
2007-01-12,8.803826885714285,12.478
2007-01-13,7.984087514285717,15.022
2007-01-14,5.6294055514285715,14.973
2007-01-15,5.174816979999998,13.236
2007-01-16,4.772291665714284,10.74
2007-01-17,4.414882122857143,10.838
2007-01-18,4.184800265714283,6.875
2007-01-19,3.998204522857141,6.997
2007-01-20,3.864229551428571,5.285
2007-01-21,3.536019127142857,4.282
2007-01-22,3.499385998571429,6.092
2007-01-23,3.463865298571428,6.043
2007-01-24,3.434214798571429,5.26
2007-01-25,3.4060703557142853,5.089
2007-01-26,3.377078755714286,5.064
2007-01-27,3.352126127142857,4.6
2007-01-28,2.227352012857143,3.645
2007-01-29,2.189170684285714,2.373
2007-01-30,2.179725255714285,1.541
2007-01-31,2.202939212857143,1.003
2007-02-01,2.233382555714285,1.052
2007-02-02,2.2783573271428574,1.052
2007-02-03,2.3211160557142856,1.052
2007-02-04,0.9152212142857143,1.003
2007-02-05,0.9154575,0.783
2007-02-06,0.9158582142857143,0.783
2007-02-07,0.9163207857142855,0.783
2007-02-08,0.9166529285714288,0.783
2007-02-09,0.9170997857142856,0.122
2007-02-10,1.505516571428574,0.122
2007-02-11,0.7741213857142857,0.587
2007-02-12,1.2002398685714295,0.122
2007-02-13,1.5589966685714285,0.122
2007-02-14,1.817983068571428,0.122
2007-02-15,2.2310890685714293,0.122
2007-02-16,3.157108668571429,0.122
2007-02-17,3.7019398685714298,0.122
2007-02-18,2.8948467928571437,0.122
2007-02-19,3.111192007142855,0.122
2007-02-20,3.751992650000002,0.122
2007-02-21,4.875952507142854,0.122
2007-02-22,4.71148779285714,4.257
2007-02-23,4.498554221428573,4.282
2007-02-24,4.267621292857143,5.113
2007-02-25,1.7181187985714246,4.893
2007-02-26,2.059800784285715,4.844
2007-02-27,2.259125441428572,4.844
2007-02-28,2.8545377128571494,2.349
2007-03-01,3.528020841428567,2.153
2007-03-02,4.333614498571421,2.447
2007-03-03,5.399159712857137,1.346
2007-03-04,1.941385828571427,2.593
2007-03-05,2.2517315428571396,2.569
2007-03-06,2.8113952571428564,2.569
2007-03-07,3.1611069714285724,4.379
2007-03-08,3.366476685714283,4.942
2007-03-09,3.437293828571427,4.722
2007-03-10,3.401635314285715,4.722
2007-03-11,6.828046008571432,7.584
2007-03-12,6.654477408571438,7.853
2007-03-13,6.43394020857143,7.168
2007-03-14,6.547627008571437,5.994
2007-03-15,6.559021008571433,4.673
2007-03-16,6.60345760857144,5.04
2007-03-17,6.503317008571433,4.282
2007-03-18,3.9255440085714337,4.282
2007-03-19,4.296760965714291,4.282
2007-03-20,4.533770780000002,4.282
2007-03-21,4.655899280000008,4.257
2007-03-22,4.687661637142854,4.061
2007-03-23,4.6830091228571415,4.257
2007-03-24,4.630489394285718,4.257
2007-03-25,1.7340799500000006,4.233
2007-03-26,1.7311729500000013,4.233
2007-03-27,1.7422635214285722,4.233
2007-03-28,1.7488958785714286,2.202
2007-03-29,1.77204195,2.055
2007-03-30,1.794613950000001,2.055
2007-03-31,1.8128376642857145,1.297
2007-04-01,2.4104444542857144,0.881
2007-04-02,2.4728891971428575,0.122
2007-04-03,2.5413017399999993,2.447
2007-04-04,2.561248025714286,3.401
2007-04-05,2.5634839400000007,3.596
2007-04-06,2.5578378542857143,2.642
2007-04-07,2.563869997142857,3.205
2007-04-08,2.5591097614285703,3.205
2007-04-09,2.555627061428571,0.122
2007-04-10,2.5773437471428564,0.514
2007-04-11,2.594425561428571,2.031
2007-04-12,2.6034945471428563,1.272
2007-04-13,2.6215103185714272,1.639
2007-04-14,2.6349872328571413,1.639
2007-04-15,3.154111014285714,3.401
2007-04-16,3.1850402428571414,4.306
2007-04-17,3.1856113142857145,4.135
2007-04-18,3.174898014285714,3.548
2007-04-19,3.1752635,2.153
2007-04-20,3.20077897142857,2.031
2007-04-21,3.2239187857142855,2.202
2007-04-22,3.718974542857141,1.443
2007-04-23,3.752993971428569,1.272
2007-04-24,3.786413057142855,1.81
2007-04-25,3.801796842857141,3.89
2007-04-26,3.7810599999999974,4.624
2007-04-27,3.747315728571426,4.282
2007-04-28,3.7199500999999984,4.648
2007-04-29,4.193138871428572,4.648
2007-04-30,4.192858157142857,5.187
2007-05-01,4.192498014285715,4.306
2007-05-02,4.192250442857143,3.89
2007-05-03,4.192057728571429,3.327
2007-05-04,4.191918871428572,1.982
2007-05-05,4.191930871428572,2.226
2007-05-06,3.881378382857142,3.132
2007-05-07,3.876265554285714,3.352
2007-05-08,3.870092697142856,3.743
2007-05-09,3.862612897142857,3.548
2007-05-10,3.8561633257142858,4.82
2007-05-11,3.843315268571428,5.505
2007-05-12,3.826916754285714,5.529
2007-05-13,4.50552016,5.603
2007-05-14,4.497231245714285,6.288
2007-05-15,4.487669645714285,9.395
2007-05-16,4.472108502857142,9.468
2007-05-17,4.4563462171428565,9.517
2007-05-18,4.440501645714286,9.493
2007-05-19,4.4245034742857134,8.685
2007-05-20,3.2499471285714283,8.734
2007-05-21,3.2382153428571425,6.997
2007-05-22,3.229127985714286,4.257
2007-05-23,3.2240515999999997,4.697
2007-05-24,3.218210928571428,3.181
2007-05-25,3.214764,1.664
2007-05-26,3.2134463714285713,1.664
2007-05-27,1.198434180000001,1.664
2007-05-28,1.18131678,1.859
2007-05-29,1.161788722857143,1.859
2007-05-30,1.1481398942857146,1.664
2007-05-31,1.140959951428571,1.664
2007-06-01,1.1320283800000013,1.664
2007-06-02,1.1182408085714286,1.297
2007-06-03,2.2016574499999995,1.297
2007-06-04,2.2017453071428568,1.297
2007-06-05,2.2010688071428564,1.297
2007-06-06,2.1986615214285705,1.321
2007-06-07,2.1952087357142847,1.297
2007-06-08,2.191413307142856,1.346
2007-06-09,2.187661807142856,1.321
2007-06-10,1.6843066400000002,1.101
2007-06-11,1.6828923542857142,1.297
2007-06-12,1.6806747542857143,1.297
2007-06-13,1.678570297142857,1.297
2007-06-14,1.6759529257142856,1.346
2007-06-15,1.673097954285714,1.419
2007-06-16,1.6699148685714285,1.541
2007-06-17,1.8329191714285713,1.517
2007-06-18,1.8319836,1.492
2007-06-19,1.8310205428571429,1.517
2007-06-20,1.829956,1.492
2007-06-21,1.8289316285714283,1.541
2007-06-22,1.8279844285714288,1.517
2007-06-23,1.8272814285714285,1.541
2007-06-24,1.8703467142857144,1.566
2007-06-25,1.8701545714285712,1.492
2007-06-26,1.8699732857142857,2.129
2007-06-27,1.869697857142857,1.762
2007-06-28,1.8694784285714283,1.762
2007-06-29,1.869260714285714,1.541
2007-06-30,1.8690695714285712,1.762
2007-07-01,1.6114478714285716,1.615
2007-07-02,1.6112450142857142,1.541
2007-07-03,1.6110527285714284,1.566
2007-07-04,1.6108621571428572,1.541
2007-07-05,1.6106688714285713,1.541
2007-07-06,1.6104705857142856,1.541
2007-07-07,1.610261442857143,1.541
2007-07-08,1.6239329142857142,1.566
2007-07-09,1.623924057142857,1.541
2007-07-10,1.6238906285714283,1.541
2007-07-11,1.6238473428571427,1.566
2007-07-12,1.6237764857142858,1.762
2007-07-13,1.623678057142857,1.492
2007-07-14,1.6236114857142856,1.566
2007-07-15,1.479234614285714,1.566
2007-07-16,1.4794759,1.786
2007-07-17,1.4796741857142857,1.566
2007-07-18,1.4799184714285711,1.566
2007-07-19,1.4801580428571428,1.566
2007-07-20,1.4805021857142855,1.566
2007-07-21,1.4807890428571429,1.762
2007-07-22,1.5519454285714285,1.541
2007-07-23,1.5538115142857143,1.566
2007-07-24,1.5565263,1.737
2007-07-25,1.5607557428571428,1.762
2007-07-26,1.5691742142857144,1.957
2007-07-27,1.5801054,1.762
2007-07-28,1.5866314285714285,1.59
2007-07-29,1.8688716142857145,1.615
2007-07-30,1.869513614285714,1.59
2007-07-31,1.870016185714286,1.395
2007-08-01,1.8704533285714289,1.37
2007-08-02,1.870825757142857,1.566
2007-08-03,1.8711116142857145,1.37
2007-08-04,1.8713624714285717,1.395
2007-08-05,1.6592304000000002,1.395
2007-08-06,1.6648080000000005,1.59
2007-08-07,1.6689947571428572,1.395
2007-08-08,1.6726076285714286,1.37
2007-08-09,1.6757142,1.37
2007-08-10,1.6782955000000002,1.566
2007-08-11,1.6801523285714288,1.59
2007-08-12,1.6381358142857143,1.395
2007-08-13,1.6414991,1.884
2007-08-14,1.6594214571428572,1.908
2007-08-15,1.6792993857142855,1.639
2007-08-16,1.6911925285714289,1.859
2007-08-17,1.7018172428571428,1.59
2007-08-18,1.7094640285714289,1.615
2007-08-19,1.574764387142857,1.615
2007-08-20,1.5772529014285712,1.395
2007-08-21,1.5799569442857142,1.37
2007-08-22,1.5828887442857142,1.419
2007-08-23,1.5856845014285714,1.859
2007-08-24,1.5889174300000002,1.639
2007-08-25,1.5918752157142857,1.639
2007-08-26,2.013155922857143,1.639
2007-08-27,2.0130067942857144,1.566
2007-08-28,2.012754422857143,1.59
2007-08-29,2.0123862942857142,1.59
2007-08-30,2.011836708571429,1.762
2007-08-31,2.0111275657142857,1.664
2007-09-01,2.010445537142857,1.664
2007-09-02,1.7210378742857144,1.664
2007-09-03,1.7157935314285715,1.664
2007-09-04,1.7134171885714289,1.664
2007-09-05,1.7083367314285711,1.639
2007-09-06,1.7092927314285715,1.59
2007-09-07,1.7060628171428571,1.419
2007-09-08,1.703768417142857,1.468
2007-09-09,1.9548754171428564,1.688
2007-09-10,1.9457089885714285,1.59
2007-09-11,1.93654256,1.639
2007-09-12,1.925596502857143,1.615
2007-09-13,1.9169666457142855,1.664
2007-09-14,1.908140045714285,1.859
2007-09-15,1.896755788571428,1.688
2007-09-16,2.1633763571428575,1.688
2007-09-17,2.1560426428571424,1.688
2007-09-18,2.1687504285714283,1.908
2007-09-19,2.1945645714285713,1.688
2007-09-20,2.203286642857143,0.171
2007-09-21,2.2200532142857137,0.122
2007-09-22,2.2674699285714284,0.122
2007-09-23,2.657557371428571,0.122
2007-09-24,2.673313028571428,0.122
2007-09-25,2.6864716571428566,0.122
2007-09-26,2.700882828571429,0.122
2007-09-27,2.7349147857142855,0.122
2007-09-28,2.7652800000000006,1.443
2007-09-29,2.780079185714286,1.272
2007-09-30,2.7952662,1.223
2007-10-01,1.3042208714285723,1.346
2007-10-02,1.2924421000000008,1.272
2007-10-03,1.2798241285714294,0.783
2007-10-04,1.278310571428572,1.443
2007-10-05,1.2805284571428577,0.122
2007-10-06,1.2877665571428585,0.122
2007-10-07,1.2932213571428584,1.174
2007-10-08,1.6900577857142858,1.174
2007-10-09,1.6832762857142851,1.15
2007-10-10,1.6787552857142851,1.15
2007-10-11,1.6777082142857138,1.15
2007-10-12,1.6908504285714283,1.395
2007-10-13,1.820501357142857,1.395
2007-10-14,1.915050928571428,1.419
2007-10-15,1.6911999771428576,1.395
2007-10-16,1.7339267771428577,1.37
2007-10-17,1.7602917485714291,0.122
2007-10-18,1.794888605714286,0.122
2007-10-19,1.8237384342857148,0.122
2007-10-20,1.8472617485714289,0.122
2007-10-21,1.866681862857143,0.122
2007-10-22,1.7995568571428573,0.122
2007-10-23,1.7997334285714286,0.122
2007-10-24,1.799896857142857,1.762
2007-10-25,1.7997980000000002,2.3
2007-10-26,1.799621857142857,2.496
2007-10-27,1.7994094285714286,2.814
2007-10-28,1.799128,3.083
2007-10-29,2.846222205714288,3.229
2007-10-30,2.7651567199999993,3.034
2007-10-31,2.6885583200000007,3.009
2007-11-01,2.6087740914285695,3.278
2007-11-02,2.518462777142858,3.034
2007-11-03,2.4351464342857128,3.107
2007-11-05,2.4442378857142857,3.034
2007-11-06,2.4438697428571428,3.132
2007-11-07,2.443883457142857,3.45
2007-11-08,2.5430309257142887,1.884
2007-11-09,2.6283310971428597,1.859
2007-11-10,2.6993889114285747,1.884
2007-11-11,3.0507517114285787,2.838
2007-11-12,3.283109348571429,2.618
2007-11-13,5.4716659900000035,3.083
2007-11-14,7.050262004285718,3.156
2007-11-15,7.037229361428566,4.869
2007-11-16,7.009929404285718,5.701
2007-11-17,7.521083375714292,5.676
2007-11-18,9.178012432857145,4.648
2007-11-19,9.353813562857145,4.551
2007-11-20,8.89885689142857,4.453
2007-11-21,8.271733562857147,4.869
2007-11-22,7.564130534285709,8.661
2007-11-23,6.990434905714287,8.465
2007-11-24,6.4383808771428575,8.71
2007-11-25,5.838116319999999,9.248
2007-11-26,6.744892991428576,9.248
2007-11-27,6.390562591428575,8.196
2007-11-28,7.797588877142857,8.172
2007-11-29,9.407089677142864,8.22
2007-11-30,10.15875486285715,8.123
2007-12-01,10.64939093428572,8.294
2007-12-02,10.749341277142856,8.318
2007-12-03,11.399490062857138,6.875
2007-12-04,13.678195091428575,1.786
2007-12-05,14.217975320000006,2.52
2007-12-06,12.70654663428572,9.346
2007-12-07,11.602540805714288,12.893
2007-12-08,10.097718977142856,13.725
2007-12-09,8.889214691428574,11.719
2007-12-10,7.393487857142858,11.939
2007-12-11,6.862379357142858,12.086
2007-12-12,6.372529357142857,12.086
2007-12-13,5.953833857142856,11.915
2007-12-14,5.667044357142858,11.768
2007-12-15,5.550187357142856,10.006
2007-12-16,5.448126857142855,7.34
2007-12-17,5.674513282857144,6.581
2007-12-18,6.302453782857144,6.557
2007-12-19,7.2385647828571456,7.413
2007-12-20,7.584104482857143,8.147
2007-12-21,7.709629882857142,8.22
2007-12-22,7.317566782857144,9.982
2007-12-23,7.185834082857143,7.731
2007-12-24,6.575439091428572,7.976
2007-12-25,7.4990146771428625,5.921
2007-12-26,4.879783805714291,12.38
2007-12-27,4.561762642857143,16.098
2007-12-28,4.431238,10.863
2007-12-29,4.329559428571429,10.863
2007-12-30,4.261420857142857,10.912
2007-12-31,4.387218457142857,10.887
2008-01-01,3.957282628571428,7.976
2008-01-02,3.5769265714285723,8.074
2008-01-03,3.770698400000001,2.765
2008-01-04,4.046247514285712,3.45
2008-01-05,4.918294085714284,3.474
2008-01-06,5.941206914285715,5.578
2008-01-07,5.872931828571426,6.728
2008-01-08,6.20417811428571,6.679
2008-01-09,6.642476599999999,4.208
2008-01-10,6.983495285714286,5.113
2008-01-11,7.540395171428571,5.26
2008-01-12,7.857998171428567,5.015
2008-01-13,7.604804171428571,5.945
2008-01-14,5.575626865714284,9.493
2008-01-15,5.149557294285714,10.276
2008-01-16,4.8134190657142835,10.227
2008-01-17,4.381945894285713,10.3
2008-01-18,3.9888983228571417,10.202
2008-01-19,3.6115898085714258,9.958
2008-01-20,2.135763722857141,9.909
2008-01-21,3.388562441428572,7.022
2008-01-22,3.386209227142857,4.526
2008-01-23,3.3659801414285715,5.211
2008-01-24,3.363250412857143,3.107
2008-01-25,3.36008427,2.862
2008-01-26,3.364345727142857,3.009
2008-01-27,3.379885498571429,2.814
2008-01-28,2.5276076557142853,2.716
2008-01-29,2.476602341428572,2.765
2008-01-30,2.409721441428571,4.012
2008-01-31,2.348798427142857,3.963
2008-02-01,2.3313607128571436,4.159
2008-02-02,2.4136812557142853,3.254
2008-02-03,2.506827712857143,2.667
2008-02-04,0.9160215,2.667
2008-02-05,0.9163967857142856,2.716
2008-02-06,0.9167715,3.425
2008-02-07,0.9171097857142856,3.254
2008-02-08,0.9175907857142857,4.844
2008-02-09,0.9181227857142856,1.223
2008-02-10,0.9183437857142858,2.324
2008-02-11,0.7693866714285714,1.59
2008-02-12,0.7700179571428573,0.122
2008-02-13,0.7704792428571429,0.122
2008-02-14,0.7711703857142858,0.122
2008-02-15,0.7717493857142858,0.122
2008-02-16,0.7723346714285714,0.122
2008-02-17,0.7730100999999999,0.122
2008-02-18,0.4785914714285714,0.122
2008-02-19,0.4797606142857142,0.122
2008-02-20,0.48055347142857135,0.122
2008-02-21,0.4814039,0.147
2008-02-22,0.4821564714285714,0.147
2008-02-23,0.4828996142857142,0.122
2008-02-24,0.4837404714285714,0.122
2008-02-25,0.3882213000000001,0.122
2008-02-26,0.3894383,0.122
2008-02-27,0.3903618714285715,0.122
2008-02-28,0.39102144285714285,0.122
2008-02-29,0.39164358571428576,0.122
2008-03-01,0.3923108714285714,0.122
2008-03-02,0.39343115714285715,0.122
2008-03-03,0.6511097557142794,0.122
2008-03-04,0.5744876857142858,0.122
2008-03-05,0.6136893714285695,0.122
2008-03-06,0.8975827999999991,0.122
2008-03-07,1.2251745714285696,0.122
2008-03-08,1.6305402285714277,0.122
2008-03-09,2.1045152000000007,0.122
2008-03-10,2.384617828571428,1.321
2008-03-11,4.516963008571444,3.181
2008-03-12,5.923868808571432,3.254
2008-03-13,7.19670520857144,4.82
2008-03-14,7.731210408571436,7.242
2008-03-15,7.71424600857143,9.664
2008-03-16,7.226582808571436,9.688
2008-03-17,6.733475808571435,9.664
2008-03-18,3.8697138371428577,8.636
2008-03-19,3.619909608571427,6.948
2008-03-20,3.5018967942857193,7.071
2008-03-21,3.2756235514285703,7.046
2008-03-22,3.014188037142856,7.144
2008-03-23,2.688601508571427,7.046
2008-03-24,2.387530151428576,6.997
2008-03-25,1.3955121642857142,4.722
2008-03-26,1.3887088071428582,4.233
2008-03-27,1.3861071642857143,4.526
2008-03-28,1.379829021428572,4.502
2008-03-29,1.373917307142858,2.3
2008-03-30,1.4163619500000004,2.618
2008-03-31,1.4927134500000006,2.349
2008-04-01,2.161148054285714,1.199
2008-04-02,2.200767168571429,2.08
2008-04-03,2.23998414,2.031
2008-04-04,2.279136768571429,2.031
2008-04-05,2.316005225714286,2.055
2008-04-06,2.352921939999999,2.055
2008-04-07,2.41473934,4.722
2008-04-08,2.508658618571428,4.795
2008-04-09,2.5503724614285703,4.673
2008-04-10,2.5774484899999988,4.746
2008-04-11,2.589555018571428,4.697
2008-04-12,2.596791004285713,4.795
2008-04-13,2.6085134757142856,4.722
2008-04-14,2.6242860042857146,2.789
2008-04-15,2.325143728571429,0.122
2008-04-16,2.406761257142857,0.122
2008-04-17,2.5086175571428577,1.786
2008-04-18,2.5702018999999985,1.174
2008-04-19,2.6425452285714277,1.884
2008-04-20,2.699104142857142,2.618
2008-04-21,2.774279985714285,3.083
2008-04-22,3.3306027428571414,3.083
2008-04-23,3.492995485714284,3.034
2008-04-24,3.611538185714284,3.107
2008-04-25,3.687881785714283,3.132
2008-04-26,3.7481662142857126,3.107
2008-04-27,3.8242346571428536,3.083
2008-04-28,3.910408871428569,3.058
2008-04-29,4.195142585714286,3.058
2008-04-30,4.196003014285714,3.058
2008-05-01,4.196691728571429,2.936
2008-05-02,4.197202157142858,3.034
2008-05-03,4.197556871428572,3.083
2008-05-04,4.197868585714287,4.404
2008-05-05,4.1981403,4.33
2008-05-06,4.982714219999999,4.233
2008-05-07,4.077415554285714,4.306
2008-05-08,4.086904725714286,4.282
2008-05-09,4.464151177142851,4.282
2008-05-10,5.742246662857132,8.71
2008-05-11,6.732654191428561,8.906
2008-05-12,7.487786548571421,9.028
2008-05-13,9.172446651428572,9.052
2008-05-14,8.949371679999997,9.126
2008-05-15,8.746047794285712,8.979
2008-05-16,8.589690537142856,8.808
2008-05-17,8.416026308571427,8.71
2008-05-18,8.24698608,8.685
2008-05-19,8.056411222857141,8.661
2008-05-20,10.662856157142851,10.349
2008-05-21,9.622615114285704,15.071
2008-05-22,7.594786371428573,15.316
2008-05-23,5.628836557142871,13.578
2008-05-24,3.946404742857129,10.08
2008-05-25,3.4190835571428573,7.487
2008-05-26,3.4164437142857147,7.364
2008-05-27,3.741601487142861,7.462
2008-05-28,3.790940301428573,7.389
2008-05-29,3.9239964300000088,6.067
2008-05-30,3.9824021014285784,5.652
2008-05-31,4.148627815714296,4.575
2008-06-01,4.525355730000006,3.939
2008-06-02,4.788596815714295,3.743
2008-06-03,4.938888487142857,5.603
2008-06-04,5.139578372857143,9.028
2008-06-05,4.723461472857139,8.979
2008-06-06,4.123875601428575,8.93
2008-06-07,3.5057441300000067,6.214
2008-06-08,3.4621702357142845,5.162
2008-06-09,3.4599386642857133,2.08
2008-06-10,3.716276831428575,3.034
2008-06-11,4.064913659999986,4.551
2008-06-12,3.9532938314285633,4.428
2008-06-13,3.7959052028571216,4.428
2008-06-14,3.6487912028571503,4.502
2008-06-15,3.489300945714295,4.061
2008-06-16,3.3585329457142734,4.037
2008-06-17,3.758966571428557,4.037
2008-06-18,3.496934571428564,4.086
2008-06-19,3.205856571428561,4.11
2008-06-20,2.9215765714285618,4.012
2008-06-21,2.639150571428542,3.988
2008-06-22,2.4214085714285636,4.012
2008-06-23,2.2014005714285725,4.012
2008-06-24,1.893234,2.251
2008-06-25,1.8929245714285712,2.3
2008-06-26,1.892628,1.713
2008-06-27,1.892405857142857,2.275
2008-06-28,1.8920962857142856,2.226
2008-06-29,1.891802,2.275
2008-06-30,1.891501,2.3
2008-07-01,1.682670721428572,1.737
2008-07-02,1.6654687214285724,1.713
2008-07-03,1.648699792857144,1.737
2008-07-04,1.6329333,2.3
2008-07-05,1.6326074428571429,1.81
2008-07-06,1.6323568714285714,1.713
2008-07-07,1.6320770142857144,1.713
2008-07-08,1.6363333428571427,1.713
2008-07-09,1.6360997714285712,1.713
2008-07-10,1.6358627714285714,1.713
2008-07-11,1.635641057142857,1.688
2008-07-12,1.6354216285714285,1.835
2008-07-13,1.6351683428571426,2.031
2008-07-14,1.634911342857143,2.055
2008-07-15,1.4929701857142856,2.275
2008-07-16,1.492809614285714,0.954
2008-07-17,1.4928188999999998,0.122
2008-07-18,1.4929264714285713,0.122
2008-07-19,1.4945107757142857,0.122
2008-07-20,1.4970566328571429,0.122
2008-07-21,1.4993909328571426,0.122
2008-07-22,1.5181432714285712,0.122
2008-07-23,1.5191887714285712,0.122
2008-07-24,1.5200568,0.122
2008-07-25,1.5217032428571429,0.122
2008-07-26,1.522576542857143,1.957
2008-07-27,1.5205997571428571,1.982
2008-07-28,1.5217506857142855,1.982
2008-07-29,1.8701411857142856,2.177
2008-07-30,1.8699507571428573,2.177
2008-07-31,1.8697494714285712,2.202
2008-08-01,1.8695263285714283,4.551
2008-08-02,1.8690209,6.092
2008-08-03,1.8683847571428571,2.275
2008-08-04,1.868219614285714,2.985
2008-08-05,1.6552392857142857,2.544
2008-08-06,1.6532140857142856,1.762
2008-08-07,1.6520307428571428,1.713
2008-08-08,1.6507466142857143,1.688
2008-08-09,1.6499581142857145,1.713
2008-08-10,1.6499154285714286,1.737
2008-08-11,1.6491933285714286,1.688
2008-08-12,1.7096311714285717,1.737
2008-08-13,1.7108318142857144,1.688
2008-08-14,1.7113248857142858,1.688
2008-08-15,1.7112598857142858,1.737
2008-08-16,1.7111596,1.688
2008-08-17,1.710605242857143,1.688
2008-08-18,1.7099561714285716,1.713
2008-08-19,1.7191379585714286,1.199
2008-08-20,1.7190615299999998,1.199
2008-08-21,1.7187925014285714,1.395
2008-08-22,1.7180358585714284,2.153
2008-08-23,1.7160319014285714,2.006
2008-08-24,1.7141869157142855,2.031
2008-08-25,1.7122272871428572,1.884
2008-08-26,2.099204151428572,2.08
2008-08-27,2.0971038371428574,2.104
2008-08-28,2.0949451228571427,2.275
2008-08-29,2.09271028,2.153
2008-08-30,2.09062978,2.177
2008-08-31,2.0884303942857145,2.055
2008-09-01,2.0865480371428573,2.838
2008-09-02,2.6661189885714287,3.107
2008-09-03,2.6282682171428573,3.083
2008-09-04,2.59144856,3.132
2008-09-05,2.56033076,3.278
2008-09-06,2.5393260742857144,3.254
2008-09-07,2.532142417142857,3.254
2008-09-08,2.5207591885714287,3.278
2008-09-09,3.0122788457142855,3.254
2008-09-10,2.999097074285714,3.254
2008-09-11,2.9795479885714284,3.254
2008-09-12,2.956591674285714,3.303
2008-09-13,2.9303801599999995,3.303
2008-09-14,2.904141817142857,3.376
2008-09-15,2.8764279028571424,3.254
2008-09-16,2.6267222857142856,2.642
2008-09-17,2.6700934999999997,1.59
2008-09-18,2.7720547142857144,1.639
2008-09-19,2.9586990714285717,1.664
2008-09-20,3.0104735,1.664
2008-09-21,3.0332917142857143,1.664
2008-09-22,3.0452222857142854,3.278
2008-09-23,2.548358628571428,2.765
2008-09-24,2.5428964571428567,3.499
2008-09-25,2.535673142857142,3.572
2008-09-26,2.5279530285714285,3.596
2008-09-27,2.5215971428571424,3.401
2008-09-28,2.519086857142857,3.401
2008-09-29,2.516686971428572,3.548
2008-09-30,2.514478971428571,3.694
2008-10-01,2.567531571428572,3.523
2008-10-02,2.562631242857144,2.985
2008-10-03,2.5482749285714297,3.572
2008-10-04,2.503362742857143,2.985
2008-10-05,2.464894414285715,2.642
2008-10-06,2.4309517714285724,3.768
2008-10-07,2.3786965857142865,2.838
2008-10-08,2.3809683571428573,3.009
2008-10-09,2.3537934285714286,3.156
2008-10-10,2.325434428571429,2.985
2008-10-11,2.2978876428571424,3.107
2008-10-12,2.2693524999999997,3.009
2008-10-13,2.2411696428571424,3.083
2008-10-14,2.2142785,3.132
2008-10-15,1.9538175200000003,3.132
2008-10-16,1.916939691428572,2.031
2008-10-17,1.894193691428572,2.202
2008-10-18,1.866974948571429,2.177
2008-10-19,1.8416548914285715,2.055
2008-10-20,1.8177747771428572,2.275
2008-10-21,1.7908873485714292,2.055
2008-10-22,1.7982137142857142,2.055
2008-10-23,1.797925,2.324
2008-10-24,1.7976095714285716,2.202
2008-10-25,1.7973144285714286,2.202
2008-10-26,1.7970067142857145,2.226
2008-10-27,1.79672,2.251
2008-10-28,1.7965691428571429,2.226
2008-10-29,2.356504948571431,2.275
2008-10-30,2.37368072,2.177
2008-10-31,2.5324180914285717,2.202
2008-11-01,2.62525729142857,2.275
2008-11-03,2.580932719999999,2.202
2008-11-04,2.642294548571428,1.908
2008-11-05,3.46093159714286,2.642
2008-11-06,3.8333114971428586,3.303
2008-11-07,5.168859668571433,3.621
2008-11-08,6.974944525714291,4.453
2008-11-09,7.185885382857147,4.746
2008-11-10,7.200127740000004,4.722
2008-11-11,7.130070740000003,4.453
2008-11-12,8.877301347142861,4.306
2008-11-13,9.59121580428572,4.746
2008-11-14,11.606062390000002,4.526
2008-11-15,8.34351173285715,5.701
2008-11-16,6.693304775714288,9.444
2008-11-17,5.375087247142858,9.468
2008-11-18,4.170185118571429,9.419
2008-11-19,5.432432934285714,9.37
2008-11-20,5.020566234285716,9.444
2008-11-21,3.33194174857143,9.517
2008-11-22,2.807281257142858,9.639
2008-11-23,2.8062691142857146,7.707
2008-11-24,2.8055984000000005,5.407
2008-11-25,2.8049902571428578,4.648
2008-11-26,1.6190061485714335,3.67
2008-11-27,1.6593294628571462,2.52
2008-11-28,1.6363794914285763,2.275
2008-11-29,1.5631326200000046,2.275
2008-11-30,1.4877408914285783,2.3
2008-12-01,1.348539662857149,2.3
2008-12-02,1.1922868200000047,2.3
2008-12-03,4.034403465714286,3.67
2008-12-04,3.9634821800000006,3.67
2008-12-05,3.8949541228571434,3.694
2008-12-06,3.8400460657142856,2.96
2008-12-07,3.803719580000001,2.349
2008-12-08,3.789749351428571,2.324
2008-12-09,3.766867751428572,2.324
2008-12-10,3.639418857142855,2.373
2008-12-11,3.547710857142856,2.422
2008-12-12,3.448124857142856,2.447
2008-12-13,3.3967158571428575,2.447
2008-12-14,3.323894857142857,2.667
2008-12-15,3.1517908571428563,2.422
2008-12-16,3.184918857142855,2.789
2008-12-17,3.0011733828571403,3.303
2008-12-18,2.9239269828571435,3.327
2008-12-19,2.8772781828571437,3.327
2008-12-20,2.757834682857143,3.376
2008-12-21,2.723098882857142,2.471
2008-12-22,3.251471782857142,2.447
2008-12-23,5.466474682857141,2.887
2008-12-24,5.022028034285719,3.817
2008-12-25,6.817861420000002,3.866
2008-12-26,8.00597657714286,3.694
2008-12-27,9.496000000000016,2.471
2008-12-28,20.984027748571425,2.471
2008-12-29,27.44529836285714,2.422
2008-12-30,27.915398191428576,3.009
2008-12-31,18.29625125714286,12.6
2009-01-01,17.972295857142853,21.456
2009-01-02,20.66339197142857,17.64
2009-01-03,24.024328399999995,3.205
2009-01-04,21.571156514285715,20.722
2009-01-05,20.10686637142857,24.808
2009-01-06,19.598233657142853,21.652
2009-01-07,16.74307694285714,19.67
2009-01-08,16.649668028571426,17.958
2009-01-09,16.292785057142854,15.316
2009-01-10,14.582615057142856,18.594
2009-01-11,12.982543199999997,23.145
2009-01-12,11.564593342857146,25.64
2009-01-13,10.284345485714288,24.074
2009-01-14,7.019889065714286,21.628
2009-01-15,6.456327894285713,15.413
2009-01-16,6.167020865714284,10.153
2009-01-17,5.902030037142857,9.811
2009-01-18,5.611565094285715,10.104
2009-01-19,5.301758694285711,10.104
2009-01-20,4.966521065714283,10.129
2009-01-21,5.076032275714283,7.976
2009-01-22,4.630324304285714,7.682
2009-01-23,4.309955647142857,6.067
2009-01-24,4.132391618571428,4.355
2009-01-25,4.03179483285714,3.45
2009-01-26,3.918783975714283,3.474
2009-01-27,3.763565275714285,3.596
2009-01-28,3.2441523985714276,3.621
2009-01-29,3.1753097557142858,3.817
2009-01-30,3.1237231842857134,3.132
2009-01-31,3.08645007,3.156
2009-02-01,3.078893727142856,3.083
2009-02-02,3.0674138985714285,3.034
2009-02-03,3.0350814699999993,3.156
2009-02-04,0.9178107857142858,2.422
2009-02-05,0.9179039285714286,1.688
2009-02-06,0.9180759285714286,1.15
2009-02-07,0.9182995,0.734
2009-02-08,0.9184506428571428,0.734
2009-02-09,0.9185499285714286,0.758
2009-02-10,0.9186492142857142,0.734
2009-02-11,0.7693711,0.758
2009-02-12,0.7693995285714286,1.566
2009-02-13,0.7692588142857143,2.398
2009-02-14,0.7693209571428571,1.37
2009-02-15,0.7694493857142858,0.734
2009-02-16,0.7695571,0.734
2009-02-17,0.7697409571428572,0.758
2009-02-18,0.4758158999999999,0.734
2009-02-19,0.4766976142857143,0.758
2009-02-20,0.4789280428571428,0.783
2009-02-21,0.48071089999999994,0.783
2009-02-22,0.48158861428571426,0.758
2009-02-23,0.48231047142857136,0.758
2009-02-24,0.4831720428571428,0.758
2009-02-25,0.3877011571428572,0.122
2009-02-26,0.38951287142857144,0.122
2009-02-27,0.38995758571428574,0.122
2009-02-28,0.38978758571428573,0.122
2009-03-01,0.39022772857142857,0.122
2009-03-02,0.39067844285714287,0.122
2009-03-03,0.3913667285714286,0.122
2009-03-04,0.5668351142857143,0.122
2009-03-05,0.5674661428571429,0.122
2009-03-06,0.5685446000000001,0.122
2009-03-07,0.5692570142857144,0.122
2009-03-08,0.5702668142857144,0.122
2009-03-09,0.5734559,0.122
2009-03-10,0.5766935857142858,0.122
2009-03-11,0.4973724257142856,0.489
2009-03-12,0.50513314,0.122
2009-03-13,0.5128453971428572,0.489
2009-03-14,0.8107480085714412,0.489
2009-03-15,1.532241408571435,0.489
2009-03-16,2.2347448085714388,0.122
2009-03-17,2.851919808571438,0.489
2009-03-18,1.7757245228571483,0.122
2009-03-19,2.3959404657142898,0.954
2009-03-20,2.9855571800000047,1.272
2009-03-21,3.406251837142857,1.223
2009-03-22,3.9524749085714257,1.297
2009-03-23,4.77212266571429,1.297
2009-03-24,5.283183465714286,1.835
2009-03-25,2.221662021428572,1.957
2009-03-26,2.2753438071428573,1.859
2009-03-27,2.3400184500000014,1.835
2009-03-28,2.4061221642857142,5.603
2009-03-29,2.4124858071428577,4.942
2009-03-30,2.4244924500000016,5.334
2009-03-31,2.4863822357142857,6.459
2009-04-01,4.639093627142862,6.753
2009-04-02,4.627769284285721,6.704
2009-04-03,4.495504498571433,5.603
2009-04-04,4.5359359414285745,5.309
2009-04-05,4.368459527142867,5.407
2009-04-06,4.453745984285717,6.141
2009-04-07,4.407121541428572,5.334
2009-04-08,3.860864269999999,5.236
2009-04-09,3.717369212857144,5.358
2009-04-10,3.5607904700000046,5.505
2009-04-11,3.3838947842857174,5.358
2009-04-12,3.294276855714283,5.138
2009-04-13,3.2727366414285735,5.138
2009-04-14,2.985906084285712,5.285
2009-04-15,3.4271973714285724,4.942
2009-04-16,3.4663271857142854,5.138
2009-04-17,3.4669210999999995,5.162
2009-04-18,3.486588799999999,5.162
2009-04-19,3.4463625285714294,5.407
2009-04-20,3.4682003000000003,5.211
2009-04-21,3.477131857142857,4.502
2009-04-22,3.9373242428571418,4.477
2009-04-23,3.889647014285713,4.404
2009-04-24,3.839993657142856,6.41
2009-04-25,3.733833028571426,8.661
2009-04-26,3.607060628571427,8.832
2009-04-27,3.503551514285713,8.783
2009-04-28,3.2165375999999983,7.389
2009-04-29,4.192110728571429,5.872
2009-04-30,4.193681871428572,4.624
2009-05-01,4.195026585714286,3.768
2009-05-02,4.195766585714286,3.083
2009-05-03,4.196277442857143,3.083
2009-05-04,4.196620014285715,2.862
2009-05-05,4.196929442857143,1.101
2009-05-06,4.047624068571428,0.905
2009-05-07,4.062260125714285,2.838
2009-05-08,4.094793211428571,2.936
2009-05-09,4.6406722628571355,2.911
2009-05-10,5.03499759142857,2.911
2009-05-11,5.399687048571423,3.939
2009-05-12,5.5577018914285725,5.358
2009-05-13,5.1559741942857125,6.116
2009-05-14,4.923651222857136,4.746
2009-05-15,4.759763451428564,3.009
2009-05-16,4.7076443657142795,2.985
2009-05-17,4.654864708571425,2.985
2009-05-18,4.648446788571428,6.85
2009-05-19,4.639137531428571,8.343
2009-05-20,3.419580342857143,8.343
2009-05-21,3.4129035428571433,7.707
2009-05-22,3.404467357142857,2.471
2009-05-23,3.4040347714285715,2.887
2009-05-24,3.402941842857143,2.862
2009-05-25,3.401477471428571,2.814
2009-05-26,3.3998617714285717,2.96
2009-05-27,3.306458465714286,2.202
2009-05-28,3.300215037142858,1.468
2009-05-29,3.28432898,1.223
2009-05-30,3.3027470942857144,1.443
2009-05-31,3.299226494285715,1.443
2009-06-01,3.2944398657142853,1.419
2009-06-02,3.2878148942857144,1.982
2009-06-03,3.292087592857142,1.982
2009-06-04,3.2829943785714275,1.835
2009-06-05,3.2750345214285703,1.884
2009-06-06,3.2673206642857133,1.859
2009-06-07,3.2584910214285707,1.982
2009-06-08,3.2488003785714277,1.908
2009-06-09,3.2387231642857137,4.526
2009-06-10,2.1230293828571427,4.477
2009-06-11,2.108679097142857,5.211
2009-06-12,2.0912701828571425,4.673
2009-06-13,2.0763089257142857,4.967
2009-06-14,2.06011064,3.963
2009-06-15,2.0476460685714284,2.202
2009-06-16,2.04184184,2.642
2009-06-17,1.9359599428571428,2.544
2009-06-18,1.933764257142857,2.129
2009-06-19,1.9320812857142855,2.471
2009-06-20,1.92993,2.226
2009-06-21,1.9280990285714288,2.52
2009-06-22,1.9258621142857144,2.52
2009-06-23,1.9236178,2.129
2009-06-24,1.8823302857142856,2.226
2009-06-25,1.882021,2.349
2009-06-26,1.8817097142857144,2.324
2009-06-27,1.8813975714285711,2.324
2009-06-28,1.8810861428571428,2.226
2009-06-29,1.8807842857142856,2.226
2009-06-30,1.8804764285714288,2.324
2009-07-01,1.6224250142857142,2.324
2009-07-02,1.6221427285714287,2.349
2009-07-03,1.6219291571428571,2.618
2009-07-04,1.6215900142857145,2.422
2009-07-05,1.6213267285714286,2.422
2009-07-06,1.6210625857142855,2.398
2009-07-07,1.620725014285714,2.422
2009-07-08,1.6266430571428572,2.275
2009-07-09,1.6265213428571428,2.226
2009-07-10,1.6265102,2.324
2009-07-11,1.6266487714285711,2.324
2009-07-12,1.6268793428571426,2.251
2009-07-13,1.6269492,2.398
2009-07-14,1.6268123428571428,2.153
2009-07-15,1.4808270428571428,2.447
2009-07-16,1.4810939,2.031
2009-07-17,1.481424614285714,1.566
2009-07-18,1.4824563285714285,1.639
2009-07-19,1.4831651857142856,1.639
2009-07-20,1.4836398999999998,1.59
2009-07-21,1.4840686142857142,1.786
2009-07-22,1.5020172857142855,1.713
2009-07-23,1.503807428571429,1.688
2009-07-24,1.505673,1.639
2009-07-25,1.5066394285714286,1.688
2009-07-26,1.5073261428571427,1.664
2009-07-27,1.507889142857143,1.957
2009-07-28,1.510796657142857,1.835
2009-07-29,1.8607510428571428,1.859
2009-07-30,1.860606042857143,1.786
2009-07-31,1.860493757142857,1.859
2009-08-01,1.860387757142857,1.859
2009-08-02,1.8602939,1.835
2009-08-03,1.8601754714285712,1.688
2009-08-04,1.8600981857142855,1.762
2009-08-05,1.5891878857142856,1.786
2009-08-06,1.5880507857142858,1.957
2009-08-07,1.5869267285714288,2.006
2009-08-08,1.5858524714285716,1.786
2009-08-09,1.5851197,1.933
2009-08-10,1.5839849714285716,1.859
2009-08-11,1.5830696000000002,1.908
2009-08-12,1.6551490999999998,1.884
2009-08-13,1.6564834571428573,1.248
2009-08-14,1.657770457142857,2.471
2009-08-15,1.6574389571428572,1.908
2009-08-16,1.661813457142857,1.908
2009-08-17,1.6605738142857145,1.908
2009-08-18,1.6566914571428573,1.908
2009-08-19,1.5791559728571427,1.688
2009-08-20,1.5824699157142856,2.055
2009-08-21,1.5859611728571428,1.81
2009-08-22,1.5966397728571429,1.492
2009-08-23,1.6044935728571428,1.664
2009-08-24,1.6095134014285717,1.884
2009-08-25,1.613651244285714,1.884
2009-08-26,2.01706768,1.884
2009-08-27,2.0165608514285713,1.884
2009-08-28,2.01684868,1.443
2009-08-29,2.0187675371428573,1.688
2009-08-30,2.0210993657142855,1.688
2009-08-31,2.022191237142857,1.664
2009-09-01,2.021982665714286,2.398
2009-09-02,2.1003786742857145,2.52
2009-09-03,2.084666131428572,1.982
2009-09-04,2.0723815314285714,2.569
2009-09-05,2.056450474285714,1.957
2009-09-06,2.0434420457142854,2.055
2009-09-07,2.030822845714286,2.275
2009-09-08,2.015560988571429,2.129
2009-09-09,2.3524301314285716,2.324
2009-09-10,2.3322818742857137,2.226
2009-09-11,2.3128758742857136,2.373
2009-09-12,2.2917886171428568,2.422
2009-09-13,2.2700843028571422,2.422
2009-09-14,2.248916559999999,2.324
2009-09-15,2.2284284742857143,2.324
2009-09-16,2.305022,2.324
2009-09-17,2.320918357142857,2.52
2009-09-18,2.3311815714285715,3.181
2009-09-19,2.332496857142857,3.132
2009-09-20,2.329740071428571,3.132
2009-09-21,2.3268969285714283,2.642
2009-09-22,2.3254554285714284,2.251
2009-09-23,2.4262299428571423,2.153
2009-09-24,2.4238195428571427,2.544
2009-09-25,2.4194692571428567,1.982
2009-09-26,2.417174514285714,1.957
2009-09-27,2.4148140571428565,1.957
2009-09-28,2.4122512,1.957
2009-09-29,2.4095621714285715,1.957
2009-09-30,2.4321810285714287,2.104
2009-10-01,1.527762771428572,2.129
2009-10-02,1.4964875857142867,1.884
2009-10-03,1.4683594000000006,1.884
2009-10-04,1.440141300000001,1.762
2009-10-05,1.4147405142857157,1.786
2009-10-06,1.3888302142857154,1.762
2009-10-07,1.3655124428571437,1.786
2009-10-08,1.7364616428571422,1.835
2009-10-09,1.7272924285714286,1.786
2009-10-10,1.7167532142857145,1.81
2009-10-11,1.704354714285714,1.81
2009-10-12,1.6990215000000002,1.786
2009-10-13,1.685810785714286,1.786
2009-10-14,1.6717878571428568,0.661
2009-10-15,1.2773884342857145,1.272
2009-10-16,1.2676656342857149,1.297
2009-10-17,1.2680224342857145,1.321
2009-10-18,1.256528377142857,1.321
2009-10-19,1.2478632342857146,1.321
2009-10-20,1.243556148571429,1.321
2009-10-21,1.2600963771428568,1.321
2009-10-22,1.7925611428571429,1.321
2009-10-23,1.792682142857143,1.321
2009-10-24,1.7929667142857144,1.321
2009-10-25,1.7933407142857145,1.321
2009-10-26,1.7935450000000002,1.15
2009-10-27,1.7935905714285716,1.076
2009-10-28,1.7936204285714286,1.076
2009-10-29,1.581136605714286,1.052
2009-10-30,1.579439805714286,0.538
2009-10-31,1.6640374057142853,0.465
2009-11-02,1.9406504342857147,0.22
2009-11-03,2.071754205714285,0.685
2009-11-04,2.1676753485714277,1.101
2009-11-05,2.4442408857142857,1.101
2009-11-06,2.730106211428575,1.101
2009-11-07,3.1733899542857182,0.391
2009-11-08,3.651625211428577,0.122
2009-11-09,3.8486316542857177,0.122
2009-11-10,3.9213831542857145,0.122
2009-11-11,4.15665149714286,0.122
2009-11-12,3.2755328914285715,0.122
2009-11-13,4.449495232857146,0.122
2009-11-14,4.9923391042857235,0.734
2009-11-15,5.409658047142857,1.59
2009-11-16,5.638209447142856,2.814
2009-11-17,6.297112432857156,3.034
2009-11-18,6.85641859,5.676
2009-11-19,7.74508909142857,9.101
2009-11-20,7.081542177142857,10.276
2009-11-21,6.502242920000002,10.227
2009-11-22,6.302734419999995,10.031
2009-11-23,6.329979648571428,9.933
2009-11-24,5.620347719999996,10.129
2009-11-25,5.104620662857144,8.539
2009-11-26,6.227017234285719,7.364
2009-11-27,5.793970577142858,7.364
2009-11-28,5.457764220000001,10.227
2009-11-29,4.249995162857147,11.181
2009-11-30,3.072361348571434,11.181
2009-12-01,2.2388698628571473,9.126
2009-12-02,1.3781386914285747,8.71
2009-12-03,3.955096151428573,6.483
2009-12-04,3.882735037142857,3.866
2009-12-05,3.842770065714286,2.544
2009-12-06,3.8232350942857143,1.908
2009-12-07,3.794438522857143,2.52
2009-12-08,3.7539676657142858,2.691
2009-12-09,3.7278950942857145,2.153
2009-12-10,3.841014857142856,4.428
2009-12-11,4.482314357142856,1.713
2009-12-12,5.145076357142857,1.762
2009-12-13,5.3990408571428565,3.401
2009-12-14,5.550843857142856,3.303
2009-12-15,5.675679857142855,3.229
2009-12-16,6.334401857142857,3.034
2009-12-17,7.491872782857142,3.181
2009-12-18,7.528050682857142,5.089
2009-12-19,7.007577982857143,5.97
2009-12-20,6.596830282857143,8.123
2009-12-21,6.107456782857144,10.104
2009-12-22,5.817469282857142,10.129
2009-12-23,5.280004882857144,10.153
2009-12-24,4.247561928571429,9.958
2009-12-25,4.155549785714286,8.22
2009-12-26,4.204188357142857,4.918
2009-12-27,4.420652285714286,4.673
2009-12-28,4.553113000000001,3.743
2009-12-29,4.6156662142857146,3.694
2009-12-30,4.659011928571429,3.817
2009-12-31,7.639900828571427,3.866
2010-01-01,9.294002285714283,3.743
2010-01-02,10.472695342857138,6.85
2010-01-03,10.038799,7.217
2010-01-04,9.658662971428573,7.022
2010-01-05,9.403209799999996,7.364
2010-01-06,9.695114371428572,8.979
2010-01-07,8.430698885714284,11.915
2010-01-08,7.403581571428568,12.942
2010-01-09,6.535614771428568,15.242
2010-01-10,5.778888342857139,15.536
2010-01-11,5.267550685714282,14.997
2010-01-12,5.031553571428568,11.915
2010-01-13,4.776202028571425,11.646
2010-01-14,3.819028008571426,11.474
2010-01-15,3.634061922857141,9.101
2010-01-16,3.635906008571427,3.499
2010-01-17,3.783647294285712,3.645
2010-01-18,3.8340808942857114,2.789
2010-01-19,3.799043265714285,2.765
2010-01-20,3.838712551428569,2.936
2010-01-21,3.5514134271428577,2.765
2010-01-22,3.5529365985714283,3.034
2010-01-23,3.551892627142857,2.985
2010-01-24,3.5511053699999997,2.838
2010-01-25,3.55254297,3.009
2010-01-26,3.610144475714285,2.985
2010-01-27,3.582747904285717,2.08
2010-01-28,3.2260607699999997,2.104
2010-01-29,3.238884755714285,2.226
2010-01-30,3.275140670000001,2.202
2010-01-31,3.321205298571428,2.202
2010-02-01,3.3637097271428575,2.153
2010-02-02,3.388049870000001,2.153
2010-02-03,3.41525997,2.177
2010-02-04,1.2168089142857192,2.177
2010-02-05,1.2859087999999994,2.177
2010-02-06,1.415289371428575,2.251
2010-02-07,1.7672820571428605,1.37
2010-02-08,2.0472674285714283,1.321
2010-02-09,2.3181428571428575,1.321
2010-02-10,2.557811885714289,1.346
2010-02-11,0.7723558142857143,1.321
2010-02-12,0.7728951000000001,1.297
2010-02-13,0.7736198142857144,0.122
2010-02-14,0.7739206714285715,0.122
2010-02-15,0.7742372428571428,0.122
2010-02-16,0.7745221000000001,0.122
2010-02-17,0.8393998685714296,0.122
2010-02-18,0.4806228999999999,0.122
2010-02-19,0.4809944714285714,0.122
2010-02-20,0.48145232857142856,0.122
2010-02-21,0.48193689999999995,0.122
2010-02-22,0.4822994714285714,0.122
2010-02-23,0.48270161428571423,0.122
2010-02-24,0.48303861428571426,0.122
2010-02-25,0.3865311571428572,0.122
2010-02-26,0.3869403,0.122
2010-02-27,0.3871677285714286,0.122
2010-02-28,0.3873653,0.122
2010-03-01,0.3875760142857144,0.122
2010-03-02,0.3877733,0.122
2010-03-03,0.3879384428571429,0.122
2010-03-04,0.5572501142857144,0.122
2010-03-05,0.5577847142857143,0.122
2010-03-06,0.5587158285714287,0.122
2010-03-07,0.5607504714285715,0.122
2010-03-08,0.5622335428571429,0.122
2010-03-09,0.5634011,0.122
2010-03-10,0.5645767571428573,0.122
2010-03-11,0.4448418542857144,0.122
2010-03-12,0.4503977685714286,0.122
2010-03-13,0.4584310542857143,0.122
2010-03-14,0.45991959714285713,0.122
2010-03-15,0.4631192828571428,0.122
2010-03-16,0.46827694,0.122
2010-03-17,0.4727955685714286,0.881
2010-03-18,0.9798004257142858,1.321
2010-03-19,1.009409825714286,1.321
2010-03-20,1.0707204685714289,1.321
2010-03-21,1.116336511428571,1.297
2010-03-22,1.16524634,1.321
2010-03-23,1.4152157828571437,1.321
2010-03-24,2.036533737142857,1.321
2010-03-25,1.7475034500000004,1.346
2010-03-26,1.8053136642857144,1.199
2010-03-27,1.8506530928571436,0.122
2010-03-28,1.900450735714286,0.122
2010-03-29,1.9543645928571425,0.122
2010-03-30,2.017536878571429,0.122
2010-03-31,2.081784021428572,0.122
2010-04-01,3.0904519400000003,4.282
2010-04-02,3.088087339999999,4.184
2010-04-03,3.0846771685714276,4.135
2010-04-04,3.078725454285714,4.233
2010-04-05,3.063411854285714,4.135
2010-04-06,3.020189539999999,4.502
2010-04-07,3.048982968571429,3.548
2010-04-08,3.0985002414285736,3.352
2010-04-09,3.3223057271428575,3.523
2010-04-10,3.485585869999998,1.957
2010-04-11,3.7058810985714303,1.908
2010-04-12,3.907135841428572,1.908
2010-04-13,4.229228527142859,2.006
2010-04-14,4.519462970000002,1.492
2010-04-15,3.700489314285712,1.933
2010-04-16,3.751063400000001,1.982
2010-04-17,3.797000385714284,1.908
2010-04-18,3.839670842857144,1.884
2010-04-19,3.881104928571436,1.884
2010-04-20,3.8625822285714286,4.722
2010-04-21,4.166485142857157,4.795
2010-04-22,4.516980285714285,4.869
2010-04-23,4.5837184,4.869
2010-04-24,4.626417785714284,3.743
2010-04-25,4.7191077999999935,3.645
2010-04-26,4.9900604857142685,3.89
2010-04-27,5.526365457142845,4.6
2010-04-28,5.90399242857142,4.551
2010-04-29,4.457753862857146,4.551
2010-04-30,4.425539805714274,4.624
2010-05-01,4.335186434285715,3.474
2010-05-02,4.364961977142855,3.596
2010-05-03,4.305410891428575,3.327
2010-05-04,4.346737291428569,6.655
2010-05-05,4.199791871428572,6.948
2010-05-06,4.169474848571432,5.578
2010-05-07,4.087615668571428,3.645
2010-05-08,4.083741668571428,3.425
2010-05-09,4.080178439999999,3.352
2010-05-10,4.076657782857142,3.352
2010-05-11,4.072783782857143,4.086
2010-05-12,4.066346982857143,3.009
2010-05-13,4.648042674285714,3.915
2010-05-14,4.647428274285714,3.278
2010-05-15,4.647490445714285,3.376
2010-05-16,4.646621874285714,3.327
2010-05-17,4.645402217142857,3.352
2010-05-18,4.644881074285714,5.97
2010-05-19,4.639973188571427,6.019
2010-05-20,3.4142104714285715,3.792
2010-05-21,3.4139276857142855,3.45
2010-05-22,3.4137457857142857,3.45
2010-05-23,3.4128897857142855,3.327
2010-05-24,3.411887042857143,2.373
2010-05-25,3.4130013714285714,3.254
2010-05-26,3.4131053142857146,3.352
2010-05-27,5.020557244285722,3.205
2010-05-28,6.179906044285722,4.086
2010-05-29,7.405065115714288,3.67
2010-05-30,8.18458815857144,3.572
2010-05-31,8.634455387142863,3.596
2010-06-01,8.899887630000011,6.043
2010-06-02,8.867851401428583,11.646
2010-06-03,12.668926387142864,16.319
2010-06-04,11.242999999999997,17.004
2010-06-05,9.708584987142851,15.316
2010-06-06,8.305411644285723,13.505
2010-06-07,6.91382930142858,9.346
2010-06-08,5.96237378714287,7.731
2010-06-09,5.212601672857155,7.364
2010-06-10,4.757517031428555,5.701
2010-06-11,4.043897374285685,5.187
2010-06-12,3.386554659999985,5.945
2010-06-13,2.5456697171428493,5.113
2010-06-14,2.211371325714285,5.211
2010-06-15,2.19873704,3.229
2010-06-16,2.1932948685714284,3.401
2010-06-17,1.9787446285714283,3.132
2010-06-18,1.9769696857142856,3.009
2010-06-19,1.9753427428571428,2.593
2010-06-20,1.9739008,2.251
2010-06-21,1.9726914285714283,1.859
2010-06-22,1.971890114285714,1.541
2010-06-23,1.9712886,1.346
2010-06-24,1.8900732857142857,1.346
2010-06-25,1.8899767142857145,1.346
2010-06-26,1.8898662857142856,1.346
2010-06-27,1.8897181428571428,1.346
2010-06-28,1.8895862857142856,1.37
2010-06-29,1.8894681428571427,1.346
2010-06-30,1.889355857142857,1.346
2010-07-01,1.667362150000001,1.541
2010-07-02,1.658529507142859,1.443
2010-07-03,1.6497774357142865,1.517
2010-07-04,1.6435835071428582,1.541
2010-07-05,1.647712792857144,1.492
2010-07-06,1.658106507142858,1.933
2010-07-07,1.6488005071428578,1.566
2010-07-08,1.7658079371428574,1.884
2010-07-09,1.7693112514285716,2.055
2010-07-10,1.772500337142857,2.251
2010-07-11,1.7741283085714288,2.447
2010-07-12,1.7783837657142858,2.496
2010-07-13,1.78031928,2.618
2010-07-14,1.78881348,2.593
2010-07-15,1.7145373757142852,2.765
2010-07-16,1.7128234042857144,2.716
2010-07-17,1.7145266185714287,2.862
2010-07-18,1.7268005185714286,2.838
2010-07-19,1.732917747142857,2.814
2010-07-20,1.7362058471428574,2.814
2010-07-21,1.7552065471428573,2.814
2010-07-22,1.9771458857142856,2.936
2010-07-23,1.9905722142857143,2.838
2010-07-24,1.998930942857143,2.814
2010-07-25,2.005592271428571,2.936
2010-07-26,2.0106721714285714,2.936
2010-07-27,2.0146872428571427,2.936
2010-07-28,2.0169223285714284,2.936
2010-07-29,1.8856059,2.789
2010-07-30,1.8869184714285716,3.083
2010-07-31,1.8886974714285711,3.058
2010-08-01,1.8906980428571427,3.327
2010-08-02,1.8938334714285712,2.324
2010-08-03,1.8981739,2.716
2010-08-04,1.901722185714286,2.716
2010-08-05,1.7889285714285716,1.615
2010-08-06,1.7993593,1.639
2010-08-07,1.8158597000000003,1.859
2010-08-08,1.8338813714285715,1.859
2010-08-09,1.8618239142857145,1.859
2010-08-10,1.8984435142857143,2.104
2010-08-11,1.9286306142857144,1.982
2010-08-12,1.779235957142857,1.957
2010-08-13,1.7892543142857142,1.957
2010-08-14,1.7956159571428572,1.957
2010-08-15,1.7995503142857143,1.81
2010-08-16,1.8023183857142857,2.324
2010-08-17,1.8043148142857144,2.593
2010-08-18,1.805849742857143,2.08
2010-08-19,1.7674576300000002,2.08
2010-08-20,1.7677878014285715,2.08
2010-08-21,1.769536487142857,2.08
2010-08-22,1.7759702442857142,2.08
2010-08-23,1.7797504014285717,2.055
2010-08-24,1.7823107585714284,2.055
2010-08-25,1.7915509728571428,2.055
2010-08-26,2.115304822857143,2.055
2010-08-27,2.1162214942857145,2.055
2010-08-28,2.1171903085714283,2.055
2010-08-29,2.117906751428571,2.055
2010-08-30,2.119641022857143,2.055
2010-08-31,2.1207130800000003,2.055
2010-09-01,2.1239334228571427,2.055
2010-09-02,2.5475340171428575,2.055
2010-09-03,2.537905731428572,2.055
2010-09-04,2.529151502857143,2.055
2010-09-05,2.517945817142858,2.055
2010-09-06,2.50789416,2.055
2010-09-07,2.497815188571429,2.226
2010-09-08,2.486691445714286,2.447
2010-09-09,2.9706230171428567,2.691
2010-09-10,2.950027617142857,2.789
2010-09-11,2.9289045885714287,2.96
2010-09-12,2.915803302857143,3.058
2010-09-13,2.904392217142856,3.181
2010-09-14,2.8879373599999996,3.572
2010-09-15,2.8643371600000003,3.694
2010-09-16,2.957025071428571,3.694
2010-09-17,2.9662320714285717,3.694
2010-09-18,2.9686301428571427,3.694
2010-09-19,2.965508,3.572
2010-09-20,2.970510071428571,2.838
2010-09-21,2.9851044285714283,2.593
2010-09-22,3.011596142857143,2.593
2010-09-23,3.1510372142857146,2.593
2010-09-24,3.233609442857143,3.425
2010-09-25,3.340429771428571,3.425
2010-09-26,3.4606566285714284,3.425
2010-09-27,3.6545973571428574,3.45
2010-09-28,3.9125915000000018,3.278
2010-09-29,4.126628800000001,3.425
2010-09-30,4.230337685714286,3.425
